-- phpMyAdmin SQL Dump
-- version 2.10.3
-- http://www.phpmyadmin.net
-- 
-- 主机: localhost
-- 生成日期: 2017 年 11 月 29 日 05:57
-- 服务器版本: 5.0.51
-- PHP 版本: 5.2.6

SET SQL_MODE="NO_AUTO_VALUE_ON_ZERO";

-- 
-- 数据库: `newchalon`
-- 

-- --------------------------------------------------------

-- 
-- 表的结构 `backmenu`
-- 

CREATE TABLE `backmenu` (
  `id_backmenu` int(11) NOT NULL auto_increment,
  `lang` int(1) NOT NULL default '1',
  `name` varchar(25) NOT NULL,
  `remark` text NOT NULL,
  `url` varchar(100) NOT NULL,
  `fatherid` int(11) NOT NULL,
  `level` int(1) NOT NULL,
  `ordernum` int(11) NOT NULL,
  `dele` int(1) NOT NULL default '1',
  PRIMARY KEY  (`id_backmenu`)
) ENGINE=MyISAM  DEFAULT CHARSET=utf8 AUTO_INCREMENT=51 ;

-- 
-- 导出表中的数据 `backmenu`
-- 

INSERT INTO `backmenu` VALUES (1, 1, '产品系统', '', 'product', 0, 1, 2, 1);
INSERT INTO `backmenu` VALUES (3, 1, '信息系统', '', 'news', 0, 1, 3, 1);
INSERT INTO `backmenu` VALUES (4, 1, '人事系统', '', 'hr', 0, 1, 4, 1);
INSERT INTO `backmenu` VALUES (5, 1, '权限系统', '', 'perm', 0, 1, 5, 1);
INSERT INTO `backmenu` VALUES (6, 1, '数据库备份', '', 'dbase', 0, 1, 6, 0);
INSERT INTO `backmenu` VALUES (9, 1, '产品管理', '', '/admin/product/product_manage.php', 1, 2, 9, 1);
INSERT INTO `backmenu` VALUES (8, 1, '产品分类', '', '/admin/product/product_dir.php', 1, 2, 8, 1);
INSERT INTO `backmenu` VALUES (47, 1, '区块管理', '', '/admin/siteset/layout.php', 44, 2, 47, 1);
INSERT INTO `backmenu` VALUES (15, 1, '信息分类', '', '/admin/news/news_dir.php', 3, 2, 15, 1);
INSERT INTO `backmenu` VALUES (16, 1, '信息管理', '', '/admin/news/news_manage.php', 3, 2, 16, 1);
INSERT INTO `backmenu` VALUES (17, 1, '员工档案', '', '/admin/hr/hr_staff.php', 4, 2, 17, 1);
INSERT INTO `backmenu` VALUES (18, 1, 'test', '', '/admin/hr/hr_exam.php', 4, 2, 18, 0);
INSERT INTO `backmenu` VALUES (19, 1, 'test2', '', '/admin/hr/hr_job.php', 4, 2, 19, 0);
INSERT INTO `backmenu` VALUES (20, 1, '系统菜单', '', '/admin/perm/perm_menu.php', 5, 2, 20, 1);
INSERT INTO `backmenu` VALUES (21, 1, '权限管理', '', '/admin/perm/perm_manage.php', 5, 2, 21, 1);
INSERT INTO `backmenu` VALUES (22, 1, '数据库备份', '', '/phpMyAdmin/', 6, 2, 22, 1);
INSERT INTO `backmenu` VALUES (48, 1, '版面管理', '', '/admin/siteset/pageset.php', 44, 2, 48, 1);
INSERT INTO `backmenu` VALUES (49, 1, '前台菜单', '', '/admin/siteset/webmenu.php', 44, 2, 49, 0);
INSERT INTO `backmenu` VALUES (39, 1, '信息回收站', '', '/admin/news/newsrecycle.php', 3, 2, 39, 1);
INSERT INTO `backmenu` VALUES (41, 1, '产品回收站', '', '/admin/product/productrecycle.php', 1, 2, 41, 1);
INSERT INTO `backmenu` VALUES (46, 1, '站点设定', '', '/admin/siteset/siteset.php', 44, 2, 46, 1);
INSERT INTO `backmenu` VALUES (44, 1, '站点管理', '', 'siteset', 0, 1, 1, 1);
INSERT INTO `backmenu` VALUES (50, 1, '留言反馈', '', '/admin/news/news_manage.php?&searchselect=4', 3, 2, 50, 1);

-- --------------------------------------------------------

-- 
-- 表的结构 `dept`
-- 

CREATE TABLE `dept` (
  `id_dept` int(11) NOT NULL auto_increment,
  `dept` varchar(25) NOT NULL,
  `lang` int(1) NOT NULL default '1',
  PRIMARY KEY  (`id_dept`)
) ENGINE=MyISAM  DEFAULT CHARSET=utf8 AUTO_INCREMENT=37 ;

-- 
-- 导出表中的数据 `dept`
-- 

INSERT INTO `dept` VALUES (36, '111', 1);
INSERT INTO `dept` VALUES (35, 'q', 1);

-- --------------------------------------------------------

-- 
-- 表的结构 `exam`
-- 

CREATE TABLE `exam` (
  `id_exam` int(11) NOT NULL auto_increment,
  `lang` int(1) NOT NULL default '1',
  `name` varchar(25) NOT NULL,
  `level` varchar(1) NOT NULL,
  `examdate` date NOT NULL,
  PRIMARY KEY  (`id_exam`)
) ENGINE=MyISAM DEFAULT CHARSET=utf8 AUTO_INCREMENT=1 ;

-- 
-- 导出表中的数据 `exam`
-- 


-- --------------------------------------------------------

-- 
-- 表的结构 `hr`
-- 

CREATE TABLE `hr` (
  `id_hr` int(11) NOT NULL auto_increment,
  `lang` int(1) NOT NULL default '1',
  `name` varchar(25) NOT NULL,
  `sex` int(1) NOT NULL default '1',
  `birthday` date NOT NULL,
  `hrcode` varchar(10) NOT NULL,
  `dept` int(11) NOT NULL,
  `iswork` int(1) NOT NULL default '1',
  `idcard` varchar(28) NOT NULL,
  `ismarry` int(1) NOT NULL,
  `nation` varchar(30) NOT NULL,
  `native` varchar(30) NOT NULL,
  `register` varchar(60) NOT NULL,
  `inwork` date NOT NULL,
  `education` varchar(20) NOT NULL,
  `profession` varchar(20) NOT NULL,
  `school` varchar(40) NOT NULL,
  `political` varchar(20) NOT NULL,
  `post` int(11) NOT NULL,
  `title` int(11) NOT NULL,
  `address` varchar(60) NOT NULL,
  `hometel` varchar(20) NOT NULL,
  `mobi` varchar(20) NOT NULL,
  `photo` varchar(50) NOT NULL,
  `hjqk` text NOT NULL,
  `cfqk` text NOT NULL,
  `gwbd` text NOT NULL,
  `ldht` text NOT NULL,
  `sbjn` text NOT NULL,
  `remark` text NOT NULL,
  `user` varchar(20) NOT NULL,
  `password` varchar(64) NOT NULL,
  `dele` int(1) NOT NULL default '1',
  `level` int(1) NOT NULL default '1',
  `indate` datetime NOT NULL,
  `modate` datetime NOT NULL,
  `deldate` datetime NOT NULL,
  `logindate` datetime NOT NULL,
  `loginip` varchar(16) NOT NULL,
  PRIMARY KEY  (`id_hr`)
) ENGINE=MyISAM  DEFAULT CHARSET=utf8 AUTO_INCREMENT=59 ;

-- 
-- 导出表中的数据 `hr`
-- 

INSERT INTO `hr` VALUES (1, 1, 'administrator', 1, '0000-00-00', '', 36, 1, '', 0, '', '', '', '2011-01-29', '', '', '', '', 9, 15, '', '', '', '', '', '', '', '', '', '', 'admin', 'admin888', 1, 1, '2011-01-29 18:08:13', '2011-02-25 22:22:35', '0000-00-00 00:00:00', '2013-11-20 17:56:16', '116.238.236.86');

-- --------------------------------------------------------

-- 
-- 表的结构 `layout`
-- 

CREATE TABLE `layout` (
  `id_layout` int(11) NOT NULL auto_increment,
  `lang` int(1) NOT NULL default '1',
  `title` varchar(250) NOT NULL,
  `url` text NOT NULL,
  `intro` text NOT NULL,
  `content` text NOT NULL,
  `openstat` int(1) NOT NULL default '1',
  `ordernum` int(11) NOT NULL,
  PRIMARY KEY  (`id_layout`)
) ENGINE=MyISAM  DEFAULT CHARSET=utf8 AUTO_INCREMENT=11 ;

-- 
-- 导出表中的数据 `layout`
-- 

INSERT INTO `layout` VALUES (1, 1, 'LOGO管理', '', '中文', '', 0, 1);
INSERT INTO `layout` VALUES (2, 1, 'BANNER图管理－新闻类', '', '最多上传4张图片', '', 0, 3);
INSERT INTO `layout` VALUES (3, 1, 'BANNER图管理－沙珑餐厅', '', '最多上传4张图片\r\n\r\n沙珑餐厅产品默认页面在信息内容中填写', '<table border="0" cellpadding="0" cellspacing="0" class="TD1" id="table192" width="677">\r\n	<tbody>\r\n		<tr>\r\n			<td align="left" valign="top">\r\n				<table border="0" cellpadding="0" cellspacing="0" class="TD1" id="table193" width="688">\r\n					<tbody>\r\n						<tr>\r\n							<td align="left" valign="top">\r\n								<img border="0" height="30" src="/inc/pics/tjheadmenu.gif" width="685" /></td>\r\n						</tr>\r\n					</tbody>\r\n				</table>\r\n				<table border="0" cellpadding="0" cellspacing="0" class="TD1" id="table234" width="688">\r\n					<tbody>\r\n						<tr>\r\n							<td align="left" valign="top" width="261">\r\n								　</td>\r\n							<td align="left" valign="top" width="16">\r\n								　</td>\r\n							<td align="left" valign="top" width="411">\r\n								　</td>\r\n						</tr>\r\n						<tr>\r\n							<td align="left" valign="top" width="261">\r\n								<img border="0" height="261" src="/inc/pics/doorbar.jpg" style="display: block" width="261" /></td>\r\n							<td align="left" valign="top" width="16">\r\n								　</td>\r\n							<td align="left" valign="top" width="411">\r\n								<div align="justify">\r\n									沙珑餐厅拥有一百多个舒适的座位，精致的装潢，为宾客提供了一个高雅的用餐环境。沙珑餐厅是您品尝地道日本料理、领略美妙异域风情的不二之选。</div>\r\n								<div align="justify">\r\n									<br />\r\n									<img border="0" height="24" src="/inc/pics/img_res_timechi.gif" width="88" /></div>\r\n								<div align="justify">\r\n									<br />\r\n									午餐：11：00----14：00<br />\r\n									晚餐：17：00----22：30</div>\r\n							</td>\r\n						</tr>\r\n					</tbody>\r\n				</table>\r\n			</td>\r\n		</tr>\r\n	</tbody>\r\n</table>\r\n<br />\r\n', 0, 4);
INSERT INTO `layout` VALUES (4, 1, 'BANNER图管理－铁板烧', '', '最多上传4张图片\r\n\r\n铁板烧产品默认页面在信息内容中填写', '<table width="690" border="0" align="center" cellpadding="0" cellspacing="0" id="table104">\r\n            <tr>\r\n              <td><img border="0" src="/inc/pics/tjhead01.gif" width="685" height="20"></td>\r\n            </tr>\r\n            <tr>\r\n              <td><TABLE class=full cellSpacing=0 id="table236" width="687">\r\n                  <TBODY>\r\n                    <TR>\r\n                      <TD width="204" height="147" rowspan="14"><img border="0" src="/inc/pics/steak_jingxuan01.gif" width="338" height="486"></TD>\r\n                    </TR>\r\n                    <TR>\r\n                      <TD width="187" height="21"> 　</TD>\r\n                      <TD width="108" height="21"> 　</TD>\r\n                      <TD width="180" height="21"> 　</TD>\r\n                    </TR>\r\n                    <TR>\r\n                      <TD width="187" height="21"><img border="0" src="/inc/pics/steak_jintop00.gif" width="110" height="20"></TD>\r\n                      <TD width="108" height="21"> 　</TD>\r\n                      <TD width="180" height="21"> 　</TD>\r\n                    </TR>\r\n                    <TR>\r\n                      <TD width="187" height="21"> 松 Sliver Cut<br>\r\n                        竹 Gold Cut<br>\r\n                        梅 Diamond Cut</TD>\r\n                      <TD width="108" height="21"> 　</TD>\r\n                      <TD width="180" height="21"><font face="宋体">￥</font>188/150g<br>\r\n                          <font face="宋体">￥</font>238/200g<br>\r\n                          <font face="宋体">￥</font>288/250g</TD>\r\n                    </TR>\r\n                    <TR>\r\n                      <TD width="475" height="18" colspan="3"><img border="0" src="/inc/pics/steakline.gif" width="345" height="3"></TD>\r\n                    </TR>\r\n                    <TR>\r\n                      <TD width="187" height="18"><img border="0" src="/inc/pics/steak_jintop01.gif" width="110" height="20"></TD>\r\n                      <TD width="108" height="18"></TD>\r\n                      <TD width="180" height="18"></TD>\r\n                    </TR>\r\n                    <TR>\r\n                      <TD width="187" height="18"> 松 Sliver Cut<br>\r\n                        竹 Gold Cut<br>\r\n                        梅 Diamond Cut</TD>\r\n                      <TD width="108" height="18"></TD>\r\n                      <TD width="180" height="18"><font face="宋体">￥</font>228/150g<br>\r\n                          <font face="宋体">￥</font>308/200g<br>\r\n                          <font face="宋体">￥</font>388/250g</TD>\r\n                    </TR>\r\n                    <TR>\r\n                      <TD width="475" height="18" colspan="3"><img border="0" src="/inc/pics/steakline.gif" width="345" height="3"></TD>\r\n                    </TR>\r\n                    <TR>\r\n                      <TD width="187" height="18"><img border="0" src="/inc/pics/steak_jintop02.gif" width="150" height="20"></TD>\r\n                      <TD width="108" height="18"></TD>\r\n                      <TD width="180" height="18"></TD>\r\n                    </TR>\r\n                    <TR>\r\n                      <TD width="187" height="18"> 松 Sliver Cut<br>\r\n                        竹 Gold Cut<br>\r\n                        梅 Diamond Cut</TD>\r\n                      <TD width="108" height="18"></TD>\r\n                      <TD width="180" height="18"><font face="宋体">￥</font>188/150g<br>\r\n                          <font face="宋体">￥</font>238/200g<br>\r\n                          <font face="宋体">￥</font>288/250g</TD>\r\n                    </TR>\r\n                    <TR>\r\n                      <TD width="475" height="18" colspan="3"><img border="0" src="/inc/pics/steakline.gif" width="345" height="3"></TD>\r\n                    </TR>\r\n                    <TR>\r\n                      <TD width="187" height="18"><img border="0" src="/inc/pics/steak_jintop03.gif" width="150" height="20"></TD>\r\n                      <TD width="108" height="18"></TD>\r\n                      <TD width="180" height="18"></TD>\r\n                    </TR>\r\n                    <TR>\r\n                      <TD width="187" height="18"> 松 Sliver Cut<br>\r\n                        竹 Gold Cut<br>\r\n                        梅 Diamond Cut</TD>\r\n                      <TD width="108" height="18"></TD>\r\n                      <TD width="180" height="18"><font face="宋体">￥</font>228/150g<br>\r\n                          <font face="宋体">￥</font>308/200g<br>\r\n                          <font face="宋体">￥</font>388/250g</TD>\r\n                    </TR>\r\n                    <TR>\r\n                      <TD width="475" height="18" colspan="3"><img border="0" src="/inc/pics/steakline.gif" width="345" height="3"></TD>\r\n                    </TR>\r\n                  </TBODY>\r\n              </TABLE></td>\r\n            </tr>\r\n            <tr>\r\n              <td><table width="98%" border="0" cellspacing="0" cellpadding="0" id="table201">\r\n                  <tr>\r\n                    <td><DIV class=rule></DIV>\r\n                        <TABLE class=full cellSpacing=0 id="table202">\r\n                          <TBODY>\r\n                            <tr>\r\n                              <td valign="top" style="padding-top:7" width="4"> 　</td>\r\n                              <td valign="top" style="padding-top:7" width="332"><div align="justify">\r\n                                  <table width="178" border="0" cellspacing="0" cellpadding="1" id="table237">\r\n                                    <tr>\r\n                                      <td bgcolor="#CCCCCC"><table width="317" border="0" cellspacing="0" cellpadding="1" id="table238">\r\n                                          <tr>\r\n                                            <td bgcolor="#FFFFFF"><p align="justify"> <img border="0" src="/inc/pics/platedoor.jpg" width="320" height="156"></td>\r\n                                          </tr>\r\n                                      </table></td>\r\n                                    </tr>\r\n                                  </table>\r\n                              </div></td>\r\n                              <td valign="top" style="padding-top:7" width="345"> <p>以新鲜的螃蟹为主，同时献上龙虾、鲍翅、贝类和海鱼等精选海味，让您品尝到中华海鲜料理的精髓。</p>\r\n                                <p>&nbsp;</p>\r\n                                <p><img src="/inc/pics/img_res_timechi.gif" width="88" height="24"></p>\r\n                                <p>午餐：11：00----14：00<br>\r\n                                晚餐：17：00----22：00</p></td>\r\n                            </tr>\r\n                          </TBODY>\r\n                        </TABLE>\r\n                      <DIV class=rule></DIV>\r\n                      <TABLE class=full cellSpacing=0 id="table226" width="675">\r\n                          <TBODY>\r\n                            <TR>\r\n                              <TD><img border="0" src="menu/nc/allline.gif" width="685" height="3"></TD>\r\n                            </TR>\r\n                          </TBODY>\r\n                      </TABLE></td>\r\n                  </tr>\r\n              </table></td>\r\n            </tr>\r\n        </table>', 0, 5);
INSERT INTO `layout` VALUES (5, 1, 'LOGO管理', '', '日文', '', 0, 6);
INSERT INTO `layout` VALUES (6, 1, '页脚管理', '', '中文', '上海市松江区梅家浜路1501号 新沙珑国际宾馆(中日合资)<br />\r\nTel: 86-21-3777-3939 Fax: 86-21-3777-3535 E-mail:services@newchalon.com<br />\r\n&copy; 2007-2008 www.newchalon.com All Rights reserved<br />\r\nICP备案号: 沪ICP备08000804号<br />\r\n', 0, 2);
INSERT INTO `layout` VALUES (7, 1, '页脚管理', '', '日文', '上海市松江区梅家浜路1501号 新沙瓏国際ホテル(中日合弁)<br />\r\nTel: 86-21-3777-3939 Fax: 86-21-3777-3535 E-mail:services@newchalon.com<br />\r\n&copy; 2007-2008 www.newchalon.com All Rights reserved<br />\r\nICP备案号: 沪ICP备08000804号 ', 0, 7);
INSERT INTO `layout` VALUES (8, 1, '日文－BANNER图管理－新闻类', '', '最多上传4张图片', '', 0, 8);
INSERT INTO `layout` VALUES (9, 1, '日文－BANNER图管理－沙珑餐厅', '', '最多上传4张图片\r\n\r\n沙珑餐厅产品默认页面在信息内容中填写', '<table width="690" border="0" align="center" cellpadding="0" cellspacing="0" id="table104">\r\n\r\n\r\n            <tr>\r\n              <td><img src="/inc/pics/space.gif" width="1" height="9" style="display: block"><img border="0" src="/inc/pics/tjheadmenujp.gif" width="685" height="30">\r\n                  <table width="512" height="100%"  border="0" cellpadding="0" cellspacing="0" id="table105">\r\n                    <tr>\r\n                      <td valign="top" style="padding-top:7" width="654"><table cellSpacing="0" cellPadding="0" width="680" border="0" id="table192" class="TD1">\r\n                          <tr>\r\n                            <td vAlign="top" align="left"><table cellSpacing="0" cellPadding="0" width="681" border="0" id="table193" class="TD1">\r\n                                <tr>\r\n                                  <td vAlign="top" align="left" width="261"> 　</td>\r\n                                  <td vAlign="top" align="left"> 　</td>\r\n                                  <td vAlign="top" align="left" width="405"> 　</td>\r\n                                </tr>\r\n                                <tr>\r\n                                  <td vAlign="top" align="left" width="261"><img border="0" src="/inc/pics/doorbar.jpg" width="261" height="261" style="display: block"></td>\r\n                                  <td vAlign="top" align="left"> 　</td>\r\n                                  <td vAlign="top" align="left" width="405"><div align="justify"> <font face="MS Gothic" size="2"> レストランシャロンでは百余りの快適な座席を備えており、お客様に優雅な食事環境をご提供いたしております。レストランシャロンでは日式西洋料理や中華料理などをご用意いたしております。</font></div>\r\n                                    <div align="justify"> <img src="/inc/pics/img_res_timejp.gif" width="88" height="24"><br>\r\n                                      <font face="MS Gothic" size="2"> 朝食：　06：30----09：30<br>\r\n                                          ランチ：10：00----14：00<br>\r\n                                          夕食：　17：00----23：30</font></div></td>\r\n                                </tr>\r\n                            </table></td>\r\n                          </tr>\r\n                      </table></td>\r\n                    </tr>\r\n                </table></td>\r\n            </tr>\r\n        </table>', 0, 9);
INSERT INTO `layout` VALUES (10, 1, '日文－BANNER图管理－铁板烧', '', '最多上传4张图片\r\n\r\n铁板烧产品默认页面在信息内容中填写', '<table width="690" border="0" align="center" cellpadding="0" cellspacing="0" id="table104">\r\n            <tr>\r\n              <td><img border="0" src="/inc/pics/tjhead01.gif" width="685" height="20"></td>\r\n            </tr>\r\n            <tr>\r\n              <td><TABLE class=full cellSpacing=0 id="table236" width="687">\r\n                  <TBODY>\r\n                    <TR>\r\n                      <TD width="204" height="147" rowspan="14"><img border="0" src="/inc/pics/steak_jingxuan01.gif" width="338" height="486"></TD>\r\n                    </TR>\r\n                    <TR>\r\n                      <TD width="187" height="21"> 　</TD>\r\n                      <TD width="108" height="21"> 　</TD>\r\n                      <TD width="180" height="21"> 　</TD>\r\n                    </TR>\r\n                    <TR>\r\n                      <TD width="187" height="21"><img border="0" src="/inc/pics/steak_jintop00.gif" width="160" height="20"></TD>\r\n                      <TD width="108" height="21"> 　</TD>\r\n                      <TD width="180" height="21"> 　</TD>\r\n                    </TR>\r\n                    <TR>\r\n                      <TD width="187" height="21"><font face="MS Gothic">松 Diamond Cut<br>\r\n                        竹 Gold Cut<br>\r\n                      梅 Sliver Cut</font></TD>\r\n                      <TD width="108" height="21"> 　</TD>\r\n                      <TD width="180" height="21"><font face="宋体">￥</font>158/250g<br>\r\n                          <font face="宋体">￥</font>128/200g<br>\r\n                          <font face="宋体">￥</font>98/150g</TD>\r\n                    </TR>\r\n                    <TR>\r\n                      <TD width="475" height="18" colspan="3"><img border="0" src="/inc/pics/steakline.gif" width="345" height="3"></TD>\r\n                    </TR>\r\n                    <TR>\r\n                      <TD width="187" height="18"><img border="0" src="/inc/pics/steak_jintop01.gif" width="110" height="20"></TD>\r\n                      <TD width="108" height="18"></TD>\r\n                      <TD width="180" height="18"></TD>\r\n                    </TR>\r\n                    <TR>\r\n                      <TD width="187" height="18"><font face="MS Gothic">松 Diamond Cut<br>\r\n                        竹 Gold Cut<br>\r\n                      梅 Sliver Cut</font></TD>\r\n                      <TD width="108" height="18"></TD>\r\n                      <TD width="180" height="18"> 288元/250g<br>\r\n                        238元/200g<br>\r\n                        188元/150g</TD>\r\n                    </TR>\r\n                    <TR>\r\n                      <TD width="475" height="18" colspan="3"><img border="0" src="/inc/pics/steakline.gif" width="345" height="3"></TD>\r\n                    </TR>\r\n                    <TR>\r\n                      <TD width="187" height="18"><img border="0" src="/inc/pics/steak_jintop02.gif" width="150" height="20"></TD>\r\n                      <TD width="108" height="18"></TD>\r\n                      <TD width="180" height="18"></TD>\r\n                    </TR>\r\n                    <TR>\r\n                      <TD width="187" height="18"><font face="MS Gothic">松 Diamond Cut<br>\r\n                        竹 Gold Cut<br>\r\n                      梅 Sliver Cut</font></TD>\r\n                      <TD width="108" height="18"></TD>\r\n                      <TD width="180" height="18"> 580元/250g<br>\r\n                        480元/200g<br>\r\n                        380元/150g</TD>\r\n                    </TR>\r\n                    <TR>\r\n                      <TD width="475" height="18" colspan="3"><img border="0" src="/inc/pics/steakline.gif" width="345" height="3"></TD>\r\n                    </TR>\r\n                    <TR>\r\n                      <TD width="187" height="18"><img border="0" src="/inc/pics/steak_jintop03.gif" width="150" height="20"></TD>\r\n                      <TD width="108" height="18"></TD>\r\n                      <TD width="180" height="18"></TD>\r\n                    </TR>\r\n                    <TR>\r\n                      <TD width="187" height="18"><font face="MS Gothic">松 Diamond Cut<br>\r\n                        竹 Gold Cut<br>\r\n                      梅 Sliver Cut</font></TD>\r\n                      <TD width="108" height="18"></TD>\r\n                      <TD width="180" height="18"> 118元/250g<br>\r\n                        98元/200g<br>\r\n                        78元/150g</TD>\r\n                    </TR>\r\n                    <TR>\r\n                      <TD width="475" height="18" colspan="3"><img border="0" src="/inc/pics/steakline.gif" width="345" height="3"></TD>\r\n                    </TR>\r\n                  </TBODY>\r\n              </TABLE></td>\r\n            </tr>\r\n            <tr>\r\n              <td><table width="98%" border="0" cellspacing="0" cellpadding="0" id="table201">\r\n                  <tr>\r\n                    <td><DIV class=rule></DIV>\r\n                        <TABLE class=full cellSpacing=0 id="table202">\r\n                          <TBODY>\r\n                            <tr>\r\n                              <td valign="top" style="padding-top:7" width="4"> 　</td>\r\n                              <td valign="top" style="padding-top:7" width="332"><div align="justify">\r\n                                  <table width="178" border="0" cellspacing="0" cellpadding="1" id="table237">\r\n                                    <tr>\r\n                                      <td bgcolor="#CCCCCC"><table width="178" border="0" cellspacing="0" cellpadding="1" id="table238">\r\n                                          <tr>\r\n                                            <td bgcolor="#FFFFFF"><p align="justify"> <img border="0" src="/inc/pics/platedoor.jpg" width="320" height="156"></td>\r\n                                          </tr>\r\n                                      </table></td>\r\n                                    </tr>\r\n                                  </table>\r\n                              </div></td>\r\n                              <td valign="top" style="padding-top:7" width="345"><p><font face="宋体" size="2"> 神戸亭さくらは、特別に設置されたテーブルで一流シェフの手さばきを見ながら、鉄板で焼かれている様々な食材を楽しめます。鉄板の上で香ばしく焼かれるステーキは、お食事のムードを最高に高めます。</font></p>\r\n                                <p>&nbsp;</p>\r\n                                <p><img src="/inc/pics/img_res_timejp.gif" width="88" height="24"></p>\r\n                                <p><font face="宋体" size="2">ランチ：11：00----14：00<br>\r\n                                夕&nbsp; 食: 17：00----23：30</font></p></td>\r\n                            </tr>\r\n                          </TBODY>\r\n                        </TABLE>\r\n                      <DIV class=rule></DIV>\r\n                      <TABLE class=full cellSpacing=0 id="table226" width="675">\r\n                          <TBODY>\r\n                            <TR>\r\n                              <TD><img border="0" src="/inc/pics/allline.gif" width="685" height="3"></TD>\r\n                            </TR>\r\n                          </TBODY>\r\n                      </TABLE></td>\r\n                  </tr>\r\n              </table></td>\r\n            </tr>\r\n        </table>', 0, 10);

-- --------------------------------------------------------

-- 
-- 表的结构 `layoutpic`
-- 

CREATE TABLE `layoutpic` (
  `id_layoutpic` int(11) NOT NULL auto_increment,
  `id_layout` int(11) NOT NULL,
  `id_hr` int(11) NOT NULL,
  `title` varchar(250) NOT NULL,
  `intro` text NOT NULL,
  `url` varchar(250) NOT NULL,
  `opicname` varchar(250) NOT NULL,
  `spicname` varchar(250) NOT NULL,
  `dele` int(1) NOT NULL default '1',
  `type` varchar(3) NOT NULL,
  `indate` datetime NOT NULL,
  `modate` datetime NOT NULL,
  `deldate` datetime NOT NULL,
  `browsecount` int(11) NOT NULL,
  `ordernum` int(11) NOT NULL,
  PRIMARY KEY  (`id_layoutpic`)
) ENGINE=MyISAM  DEFAULT CHARSET=utf8 AUTO_INCREMENT=24 ;

-- 
-- 导出表中的数据 `layoutpic`
-- 

INSERT INTO `layoutpic` VALUES (8, 1, 1, '', '', '', '1377322602.gif', '', 1, 'GIF', '2013-08-24 13:36:42', '0000-00-00 00:00:00', '0000-00-00 00:00:00', 0, 8);
INSERT INTO `layoutpic` VALUES (5, 2, 1, '', '', '', '1377322568.jpg', '', 1, 'JPG', '2013-08-24 13:36:08', '0000-00-00 00:00:00', '0000-00-00 00:00:00', 0, 5);
INSERT INTO `layoutpic` VALUES (6, 2, 1, '', '', '', '1377322573.jpg', '', 1, 'JPG', '2013-08-24 13:36:13', '0000-00-00 00:00:00', '0000-00-00 00:00:00', 0, 6);
INSERT INTO `layoutpic` VALUES (7, 2, 1, '', '', '', '1377322579.jpg', '', 1, 'JPG', '2013-08-24 13:36:19', '0000-00-00 00:00:00', '0000-00-00 00:00:00', 0, 7);
INSERT INTO `layoutpic` VALUES (9, 3, 1, '', '', '', '1377418692.jpg', '', 1, 'JPG', '2013-08-25 16:18:12', '0000-00-00 00:00:00', '0000-00-00 00:00:00', 0, 9);
INSERT INTO `layoutpic` VALUES (10, 3, 1, '', '', '', '1377418700.jpg', '', 1, 'JPG', '2013-08-25 16:18:20', '0000-00-00 00:00:00', '0000-00-00 00:00:00', 0, 10);
INSERT INTO `layoutpic` VALUES (11, 3, 1, '', '', '', '1377418709.jpg', '', 1, 'JPG', '2013-08-25 16:18:29', '0000-00-00 00:00:00', '0000-00-00 00:00:00', 0, 11);
INSERT INTO `layoutpic` VALUES (12, 4, 1, '', '', '', '1377418743.jpg', '', 1, 'JPG', '2013-08-25 16:19:03', '0000-00-00 00:00:00', '0000-00-00 00:00:00', 0, 12);
INSERT INTO `layoutpic` VALUES (13, 4, 1, '', '', '', '1377418749.jpg', '', 1, 'JPG', '2013-08-25 16:19:09', '0000-00-00 00:00:00', '0000-00-00 00:00:00', 0, 13);
INSERT INTO `layoutpic` VALUES (14, 5, 1, '', '', '', '1378359307.gif', '', 1, 'GIF', '2013-09-05 13:35:07', '0000-00-00 00:00:00', '0000-00-00 00:00:00', 0, 0);
INSERT INTO `layoutpic` VALUES (16, 6, 1, '', '', '', '1378359914.gif', '', 1, 'GIF', '2013-09-05 13:45:14', '0000-00-00 00:00:00', '0000-00-00 00:00:00', 0, 0);
INSERT INTO `layoutpic` VALUES (17, 7, 1, '', '', '', '1378359987.gif', '', 1, 'GIF', '2013-09-05 13:46:27', '0000-00-00 00:00:00', '0000-00-00 00:00:00', 0, 0);
INSERT INTO `layoutpic` VALUES (18, 8, 1, '', '', '', '1378434442.jpg', '', 1, 'JPG', '2013-09-06 10:27:22', '0000-00-00 00:00:00', '0000-00-00 00:00:00', 0, 0);
INSERT INTO `layoutpic` VALUES (19, 8, 1, '', '', '', '1378434448.jpg', '', 1, 'JPG', '2013-09-06 10:27:28', '0000-00-00 00:00:00', '0000-00-00 00:00:00', 0, 0);
INSERT INTO `layoutpic` VALUES (20, 9, 1, '', '', '', '1378447271.jpg', '', 1, 'JPG', '2013-09-06 14:01:11', '0000-00-00 00:00:00', '0000-00-00 00:00:00', 0, 0);
INSERT INTO `layoutpic` VALUES (21, 9, 1, '', '', '', '1378447278.jpg', '', 1, 'JPG', '2013-09-06 14:01:18', '0000-00-00 00:00:00', '0000-00-00 00:00:00', 0, 0);
INSERT INTO `layoutpic` VALUES (22, 10, 1, '', '', '', '1378448039.jpg', '', 1, 'JPG', '2013-09-06 14:13:59', '0000-00-00 00:00:00', '0000-00-00 00:00:00', 0, 0);
INSERT INTO `layoutpic` VALUES (23, 10, 1, '', '', '', '1378448046.jpg', '', 1, 'JPG', '2013-09-06 14:14:06', '0000-00-00 00:00:00', '0000-00-00 00:00:00', 0, 0);

-- --------------------------------------------------------

-- 
-- 表的结构 `newsdir`
-- 

CREATE TABLE `newsdir` (
  `id_newsdir` int(11) NOT NULL auto_increment,
  `lang` int(1) NOT NULL default '1',
  `name` varchar(25) NOT NULL,
  `intro` text NOT NULL,
  `dele` int(1) NOT NULL default '1',
  `fatherid` int(11) NOT NULL,
  `level` int(1) NOT NULL,
  `ordernum` int(11) NOT NULL,
  PRIMARY KEY  (`id_newsdir`)
) ENGINE=MyISAM  DEFAULT CHARSET=utf8 AUTO_INCREMENT=29 ;

-- 
-- 导出表中的数据 `newsdir`
-- 

INSERT INTO `newsdir` VALUES (1, 1, '信息中心', '', 1, 0, 1, 1);
INSERT INTO `newsdir` VALUES (2, 1, '站点新闻', '', 1, 1, 2, 2);
INSERT INTO `newsdir` VALUES (3, 1, '留言反馈', '', 1, 0, 1, 3);
INSERT INTO `newsdir` VALUES (4, 1, '留言反馈', '', 1, 3, 2, 4);
INSERT INTO `newsdir` VALUES (5, 1, '馆内新闻', '', 1, 1, 2, 5);
INSERT INTO `newsdir` VALUES (7, 1, '产品新闻', '', 0, 1, 2, 7);
INSERT INTO `newsdir` VALUES (13, 1, '电子行业', '', 1, 12, 2, 13);
INSERT INTO `newsdir` VALUES (15, 1, '新品介绍', '', 0, 1, 2, 15);
INSERT INTO `newsdir` VALUES (28, 1, '伝言板', '', 1, 27, 2, 28);
INSERT INTO `newsdir` VALUES (27, 1, '日文－留言反馈', '', 1, 0, 1, 27);
INSERT INTO `newsdir` VALUES (26, 0, '館内ニュース', '', 1, 24, 2, 26);
INSERT INTO `newsdir` VALUES (25, 0, '関連ニュース', '', 1, 24, 2, 25);
INSERT INTO `newsdir` VALUES (23, 1, 'Online catalogue', '', 0, 1, 2, 23);
INSERT INTO `newsdir` VALUES (24, 0, '日文－信息中心', '', 1, 0, 1, 24);

-- --------------------------------------------------------

-- 
-- 表的结构 `newsinfo`
-- 

CREATE TABLE `newsinfo` (
  `id_newsinfo` int(11) NOT NULL auto_increment,
  `id_newsdir` int(11) NOT NULL,
  `id_hr` int(11) NOT NULL,
  `lang` int(1) NOT NULL default '1',
  `title` varchar(250) NOT NULL,
  `intro` text NOT NULL,
  `content` longtext NOT NULL,
  `tag` text NOT NULL,
  `dele` int(1) NOT NULL default '1',
  `isnew` int(1) NOT NULL default '1',
  `url` varchar(255) NOT NULL,
  `newsdate` date NOT NULL,
  `indate` datetime NOT NULL,
  `modate` datetime NOT NULL,
  `deldate` datetime NOT NULL,
  `browsecount` int(11) NOT NULL,
  `ordernum` int(11) NOT NULL,
  PRIMARY KEY  (`id_newsinfo`)
) ENGINE=MyISAM  DEFAULT CHARSET=utf8 AUTO_INCREMENT=25 ;

-- 
-- 导出表中的数据 `newsinfo`
-- 

INSERT INTO `newsinfo` VALUES (1, 2, 0, 1, '七夕将至酒店迎来预定高峰 情侣酒店最受青睐', '', '<div>\r\n	还有近半个月的时间才到七夕情人节（8月13日），情人节特色酒店预定却逐渐走俏。记者了解到，本周开始已经有市民开始咨询和预定七夕期间酒店，其中温馨浪漫的情侣套房关注度最高。</div>\r\n<div>\r\n	&nbsp;</div>\r\n<div>\r\n	来自同程网数据显示，本周开始陆续有市民电话咨询和预订七夕情人节期间酒店，其中浪漫温馨的情侣酒店最受青睐，价格集中在300&mdash;1000元不等。据统计，北京、上海、广州等一线城市和天津、重庆、杭州、苏州、南京、武汉、成都等二线城市市民需求较旺。</div>\r\n<div>\r\n	&nbsp;</div>\r\n<div>\r\n	记者还获悉，七夕期间不少酒店还将推出优惠的活动吸引市民入住。同程网酒店项目负责人告诉记者，每年的七夕都将迎来酒店预定高峰，日式豪华大床房、圆床房、精致房、蜜月房、风房等夜色酒店最受青睐。此外，不少酒店还会在节日当天赠送神秘礼包、红酒、巧克力、玫瑰花等礼品。</div>\r\n<div>\r\n	&nbsp;</div>\r\n<div>\r\n	业内人士指出，随着人们生活的改变，在情人节享受&ldquo;蜜夜&rdquo;的情侣逐渐增多，根据以往的情况，情人节前一周将迎来特色酒店预订高峰，部分酒店甚至出现一房难求的现象，有需求的市民可提前通过网站在线预定，防止到店无房的情况发生。</div>\r\n', '', 1, 1, '', '2013-08-15', '2013-08-15 08:42:49', '2013-08-25 09:24:59', '0000-00-00 00:00:00', 0, 1);
INSERT INTO `newsinfo` VALUES (2, 2, 0, 1, '惊险！入住全球位置最险峻的五大旅店', '', '<div>\r\n	如果没有恐高症，那就去新奇的旅店体验另一番生活，感受别样的刺激吧。现代的旅店花样百出，有的修建在悬崖边上、冰川上，甚至是树上。今天，让我们跟随福克斯新闻网，一睹这些旅店的奇特与刺激。</div>\r\n<div>\r\n	&nbsp;</div>\r\n<div>\r\n	帕拉多尔德朗达(西班牙)</div>\r\n<div>\r\n	&nbsp;</div>\r\n<div>\r\n	<img alt="" src="/upload/other/images/20130825_012650.jpg" style="width: 500px; height: 281px;" /></div>\r\n<div>\r\n	&nbsp;</div>\r\n<div>\r\n	西班牙的帕拉多尔德朗达旅店</div>\r\n<div>\r\n	&nbsp;</div>\r\n<div>\r\n	帕拉多尔德朗达曾是德朗达的市政厅，坐落在一个多山的西班牙小镇，瓜达莱温河横穿这座城市，形成两道峡谷。这里应有尽有&mdash;&mdash;游泳池、花园和会客室。除了可以俯瞰整座城市，你还能尽情欣赏红鱼大峡谷的风姿。</div>\r\n<div>\r\n	&nbsp;</div>\r\n<div>\r\n	克拉拉旅店(印度)</div>\r\n<div>\r\n	&nbsp;</div>\r\n<div>\r\n	<img alt="" src="/upload/other/images/20130825_012708.jpg" style="width: 402px; height: 371px;" /></div>\r\n<div>\r\n	&nbsp;</div>\r\n<div>\r\n	绿色自然度假村-&mdash;&mdash;-印度的克拉拉旅店</div>\r\n<div>\r\n	&nbsp;</div>\r\n<div>\r\n	克拉拉坐落在瓦亚那德热带雨林的一棵榕树上，由当地的邦竹及椰子壳纤维搭建，房屋与房屋由绳索吊桥连接起来。想象一下，当绳索把你从地面带到高达60到115英尺的小屋时，该是多么刺激啊!为了增强环保意识，所有旅客都需要栽种一棵树苗。</div>\r\n<div>\r\n	&nbsp;</div>\r\n<div>\r\n	卡普里岛旅店(意大利)</div>\r\n<div>\r\n	&nbsp;</div>\r\n<div>\r\n	<img alt="" src="/upload/other/images/20130825_012722.jpg" style="width: 500px; height: 281px;" /></div>\r\n<div>\r\n	&nbsp;</div>\r\n<div>\r\n	意大利的卡普里岛旅店</div>\r\n<div>\r\n	&nbsp;</div>\r\n<div>\r\n	卡普里岛旅店地处卡普里岛的悬崖上。为了方便登山旅客休息，腓尼基人专门建造了1000级台阶。早在20世纪初，一位俄罗斯王子用他的财产建了一座豪华的府邸，后来又塑了一座凯撒大帝的雕像，现今还保存完好，旅店的名字便来源于凯撒大帝。从旅店放眼望去，那不勒斯湾和索拉罗山脉的美景尽收眼底。</div>\r\n', '', 1, 1, '', '2013-08-25', '2013-08-25 09:25:11', '2013-08-25 09:27:26', '0000-00-00 00:00:00', 0, 2);
INSERT INTO `newsinfo` VALUES (3, 2, 0, 1, '乡村旅游酒店试点评“星”', '', '<div>\r\n	本报讯（记者 陈黎） 炎炎夏日去周边乡村游是不少市民的选择，但是乡村游的住宿水平却一直参差不齐。昨日，记者从市旅游局获悉，我市将在全市进行乡村旅游星级评定试点工作。一目了然的&ldquo;星级&rdquo;将方便市民的选择，也有望提升我市乡村游酒店的整体水平。</div>\r\n<div>\r\n	&nbsp;</div>\r\n<div>\r\n	　　近年来我市乡村游发展迅猛，一批具备住宿、餐饮、娱乐、休闲、采摘等多种功能的大型旅游观光综合体陆续出现，但由于旅游资源和环境差异，发展极不平衡。为鼓励大型乡村旅游酒店的发展，《西安市乡村旅游酒店星级评定实施方案》《西安市乡村旅游酒店星级评定实施细则》出台。规定乡村旅游酒店开业三个月（含三个月）后，就可按照《标准》规定开展创建活动。可向所在区（县）、开发区乡村旅游酒店星级评定小组申请评定相应星级。低星级申请高星级的，低星级经营时间需一年以上。</div>\r\n<div>\r\n	&nbsp;</div>\r\n<div>\r\n	　　据了解，对乡村旅游酒店的星级评定共有6项指标，分别是经营场地、接待设施、环境保护、服务质量、安全管理和加分项目。按照具体分数将乡村旅游酒店分为一星到五星五档，星级越高代表接待条件越好。评定标准中特别鼓励乡村旅游酒店&ldquo;绿化面积不低于60%，具有浓郁的乡村风情&rdquo; &ldquo;具有农家风味和地方特色的菜点&rdquo;、&ldquo;服务接待人员会用普通话和英语进行服务&rdquo;等。</div>\r\n<div>\r\n	&nbsp;</div>\r\n<div>\r\n	　　我市将对乡村旅游酒店星级实行动态管理。市乡村旅游酒店评定委员会每两年对一、二、三星级乡村旅游酒店进行复核，每三年对四、五星级乡村旅游酒店进行复核。对复核达不到标准要求的，要求限期整改。逾期整改不合格的，可降低或取消其等级。通过标准化管理，引导乡村旅游酒店健康发展，逐步实现我市旅游从观光游览型向休闲度假型转变的发展目标。</div>\r\n', '', 1, 1, '', '2013-08-25', '2013-08-25 09:30:26', '2013-08-25 09:30:42', '0000-00-00 00:00:00', 0, 3);
INSERT INTO `newsinfo` VALUES (4, 2, 0, 1, '中国唯一七星级酒店亮相武汉 创意灵感源于', '', '<div>\r\n	<img alt="" src="/upload/other/images/20130825_013138.jpg" /><br />\r\n	&nbsp;</div>\r\n<div>\r\n	2013年8月22日，武汉，装修外墙的工人正在抓紧施工，创意灵感源于&ldquo;钻石&rdquo;的万达瑞华酒店，其装修的时尚和服务的高端程度，可与世界顶级酒店比肩。周国强 摄/CFP</div>\r\n<div>\r\n	&nbsp;</div>\r\n<div>\r\n	2013年08月22日，由万达集团在武汉汉街打造的中国唯一七星级酒店&mdash;&mdash;万达瑞华酒店，拟将于今年12月试运营。8月22日，装修外墙的工人正在抓紧施工，创意灵感源于&ldquo;钻石&rdquo;的该酒店，其装修的时尚和服务的高端程度，可与世界顶级酒店比肩。</div>\r\n', '', 1, 1, '', '2013-08-25', '2013-08-25 09:30:48', '2013-08-25 09:31:55', '0000-00-00 00:00:00', 0, 4);
INSERT INTO `newsinfo` VALUES (5, 5, 0, 1, '阿里大搬家引发蝴蝶效应 酒店式公寓租金翻倍', '', '<div>\r\n	昨天早上10点半，站在大太阳底下的高锋默默用笔在本子上写下了个&ldquo;4&rdquo;。&ldquo;从早上8点到现在，我们已经从城西搬了四车阿里员工的家当到西溪。&rdquo;他解释说，一边用手抹了把汗。高锋的身份是上海胜创办公系统服务有限公司的市场部总监，而胜创是阿里集团这次聘用的搬家公司。</div>\r\n<div>\r\n	　　昨天，杭城再次上演&ldquo;乾坤大挪移&rdquo;。</div>\r\n<div>\r\n	阿里集团旗下的天猫、淘宝网、阿里云、聚划算等公司的1.2万名员工，正式开搬，集体搬家&ldquo;杀入&rdquo;余杭西溪边的阿里巴巴西溪园区（昵称淘宝城）。伴随着浩浩荡荡上万人的搬迁，阿里集团也正式从&ldquo;西湖时代&rdquo;切换至&ldquo;西溪时代&rdquo;。</div>\r\n<div>\r\n	　　这一次阿里选择&ldquo;低调地搬&rdquo;</div>\r\n<div>\r\n	　　从来没有一家公司的搬家这么牵动众人的神经。</div>\r\n<div>\r\n	　　身为全球最大的电子商务服务提供商，去年阿里集团旗下淘宝和天猫的年度交易额已经突破1万亿元，直接、间接带动就业超过1000万人。所以，当这样一家企业做出搬家的决定时，牵动的就不仅仅只是一小部分人的神经了。</div>\r\n<div>\r\n	　　很多杭州人肯定还对2009年9月阿里集团的第一次集体大搬家记忆犹新。在那个秋高气爽的季节，伴随着笑容、哭泣、嘶喊、欢呼、加油声，还有一路的交通管制，在无数杭州市民的注目礼下，阿里集团旗下B2B公司6000余员工浩浩荡荡过了江，从城西IT企业聚集的高教区，高调地&ldquo;跑步&rdquo;进入滨江时代。</div>\r\n<div>\r\n	　　这次最大的不同是，搬家人数是上次的两倍。</div>\r\n<div>\r\n	　　但浩浩荡荡上万人的搬迁，和四年前相比却显得异常的低调。阿里集团行政总监王咏梅说，尽可能不给交通添麻烦，是这次搬家很早就确定的原则之一。这就很考验搬家的艺术。&ldquo;上万人的迁徙，主要分6次完成，基本都放在周末，每次搬家人数在2000人左右。整个搬家&lsquo;工程&rsquo;将一直持续到10月底。&rdquo;昨天先动身的是阿里集团的行政、采购、安全、公关等部门。正在怀孕中的阿里&ldquo;准妈妈&rdquo;和在母乳喂养宝宝的阿里新妈妈可以申请在所有其他同事搬迁完成的一周后再进入新园区，时间为10月28日。在这之前，&ldquo;准妈妈&rdquo;和新妈妈可以申请在城西创业大厦或滨江园区过渡办公。</div>\r\n<div>\r\n	　　还有一个小八卦是，马云的办公室原本在离创业大厦不远的西湖国际。不过，据说他的办公室早在几天前就已经&ldquo;人去楼空&rdquo;，因为老马已经提前搬去了西溪园区。</div>\r\n<div>\r\n	　　打包纸箱准备了十几万个</div>\r\n<div>\r\n	　　尽管选择&ldquo;低调地搬&rdquo;，但上万人的搬家还是一项大工程。</div>\r\n<div>\r\n	　　这次搬家，阿里集团依然选择了四年前合作过的上海胜创办公系统服务有限公司，这家公司搬家经验丰富，曾经为GE、IBM、汇丰银行、迪斯尼和杭州市民中心都服务过。</div>\r\n<div>\r\n	　　每个批次搬迁前一周，相关阿里员工都会统一接受搬家公司培训，学习如何把&ldquo;家当&rdquo;整理打包封条贴标签。到时，搬家一声令下，员工只需打包好自己的&ldquo;行李&rdquo;，剩下的全部交给搬家公司即可。</div>\r\n<div>\r\n	　　高锋透露，早在1月底，胜创就开始与阿里接洽此次搬迁项目。从项目总负责人、项目主管、打包工人到搬运工，公司总共出动了一百多人，光搬运工，城西和西溪园区就各安排了50人。&ldquo;因为这次搬迁涉及到1万多名员工，加上阿里西湖国际里一些新采购的家具需要搬到西溪园区，投入的人力、车力都比四年前增加了不少。光用来打包行李的纸箱就准备了十几万个，贴在行李上的标签定做了20万张。&rdquo;</div>\r\n<div>\r\n	　　高锋说，昨天第一批搬迁的员工数为1413人，以平均每人两个行李箱计算，就有接近2800多个纸箱，起码要跑20多趟车次。</div>\r\n<div>\r\n	　　马云&ldquo;尝鲜&rdquo;园区理发店手艺</div>\r\n<div>\r\n	　　和滨江园区相比，阿里西溪园区多了一家理发店。虽然昨天才开始正式搬迁，但理发店早已在阿里员工中声名远播&mdash;&mdash;因为马云也在那理发。据说，天蝎座的帅哥理发师在给老马理发时&ldquo;手都没有抖一下&rdquo;，被阿里员工昵称为&ldquo;淡定哥&rdquo;。最近几天，不少慕名而去的阿里员工见到&ldquo;淡定哥&rdquo;，都会脱口而出&ldquo;我要理马总同款发型&rdquo;。马云的魅力可见一斑。</div>\r\n<div>\r\n	　　正是这个杭州男人，一手促成了阿里西溪园区的诞生。据知情人士透露，大约5年前，这里还是湿地一片，当时马云站在水雾缭绕、林疏风静的这一处空旷地，表达了&ldquo;杭州是阿里的根，淘宝要把家安在余杭西溪湿地边上&rdquo;的想法。</div>\r\n<div>\r\n	　　现在，湿地里的河塘沼泽竹林农田依旧，里面却掩映着大体量的办公楼，形成了江南独有的水乡生态空间，不仅空间开阔，而且脉络分明，野趣横生，环境闲适而诗意。&ldquo;园区建设用地达330亩，由日本著名建筑师隈研吾先生担任主设计，尽可能保留了原有湿地自然形态的风貌。走在园区大楼间，均有连廊相通，即使是雨天，员工不用打伞也可在各个大楼间任意穿梭。&rdquo;阿里集团置业部设计师王蕾介绍说。隈研吾是谁？电影《志明与春娇》里那座很打眼的&ldquo;竹屋&rdquo;就出自他手，以擅长建筑和自然景观的融合著称。</div>\r\n<div>\r\n	　　租金上涨阿里员工抢做&ldquo;二房东&rdquo;</div>\r\n<div>\r\n	　　因为12000名阿里人的到来，西溪园区附近的原住民明显感觉到了一种扑面而来的变化，脚下还是那一方土地，原本只觉得村庄静谧生活恬淡，但现在，这块地突然炙手可热起来。</div>\r\n<div>\r\n	　　最直观的变化是阿里西溪园区附近的房价和租金。阿里集团一位员工表示，同事买得最多的楼盘，大多在园区周边，包括岸上蓝山、竹海水韵、爵士风情等。&ldquo;因为公司很早就宣布今年会整体搬迁到西溪园区，稍微有点经济实力的同事都在2010年、2011年就下手了，那时候价格还比较实惠。&rdquo;去年，阿里集团还特意组织员工在青枫墅园、新湖果岭等几个楼盘进行团购，当时的房价在七八千元左右每平方米，但现在都涨了不少。&ldquo;香港有家上市的房地产商正在阿里西溪园区对面开放一个高端楼盘，售价在两万元每平方米，瞄准的主力人群正是阿里员工。&rdquo;浙江杭州未来科技城管委会副主任赵喜凯表示。</div>\r\n<div>\r\n	　　偷偷抿嘴笑的，还有西溪园区附近的房东们。赵喜凯表示，阿里搬迁的消息确实对西溪园区周边的租房价格影响颇大。比如周边的农居房，原本租金300-500元/月，现在就翻了一番不止。昨天，记者通过58同城、赶集网搜索了淘宝城附近的房源，发现翡翠城、大华西溪风情、西溪北苑等距离淘宝城只有5-10分钟步行距离的3室2厅1卫的房源租金基本已经在3500-4000元。一位租房中介表示，与园区仅隔一条马路的楼盘大华西溪风情，从去年10月份开始就已经陆续迎来了阿里集团的租客，一套五六十平方米1室1厅1厨一卫的酒店式公寓租得最好，涨得也最多，目前均价在3000元/月左右，比最早时的1500至1600元涨了一倍左右。&ldquo;租金的定价完全取决于市场的需求，从目前的情况判断，阿里西溪园区周边的租金还会上涨。&rdquo;</div>\r\n<div>\r\n	　　瞄准其中蕴藏的商机，不少市场嗅觉灵敏的阿里员工干脆做起了二房东。朱健就是其中一员。早在年前，他就租下了大华西溪风情的一套别墅，自己简单装修了下，再以房间为单位出租给集团同事。</div>\r\n', '', 1, 1, '', '2013-08-25', '2013-08-25 09:32:23', '2013-08-25 09:32:45', '0000-00-00 00:00:00', 0, 5);
INSERT INTO `newsinfo` VALUES (6, 4, 0, 1, '留言反馈 :ada -  时间：2013-08-27 20:39:33', '', '\r\n<br><br>\r\n	   \r\n姓 名 ：ada<br>\r\n电 话 : 1121112<br>\r\n邮 箱 : asds@dfsd.gg<br><br>\r\n\r\n留言信息 :sdddddddddddddddddddd<br><br>\r\n\r\n2013-08-27', '', 1, 1, '', '2013-08-27', '2013-08-27 20:39:33', '0000-00-00 00:00:00', '0000-00-00 00:00:00', 0, 0);
INSERT INTO `newsinfo` VALUES (7, 4, 0, 1, '留言反馈 :eewr -  时间：2013-08-27 20:41:05', '', '\r\n<br><br>\r\n	   \r\n姓 名 ：eewr<br>\r\n电 话 : 234223423<br>\r\n邮 箱 : sdf@ss.gfr<br><br>\r\n\r\n留言信息 :asdf<br><br>\r\n\r\n2013-08-27', '', 1, 1, '', '2013-08-27', '2013-08-27 20:41:05', '0000-00-00 00:00:00', '0000-00-00 00:00:00', 0, 0);
INSERT INTO `newsinfo` VALUES (8, 4, 0, 1, '伝言板 :dsf -  時間：2013-09-06 9:41:49', '', '\r\n<br><br>\r\n	   \r\n氏 名 ：dsf<br>\r\n電 話 : sadf<br>\r\n電子メール : sdfasdf@dsfg.dsf<br><br>\r\n内 容 :sadfasdf<br><br>\r\n\r\n2013-09-06', '', 1, 1, '', '2013-09-06', '2013-09-06 09:41:49', '0000-00-00 00:00:00', '0000-00-00 00:00:00', 0, 0);
INSERT INTO `newsinfo` VALUES (9, 26, 0, 1, '日文馆内1', '日文馆内1日文馆内1', '日文馆内1日文馆内1日文馆内1', '', 1, 1, '', '2013-09-06', '2013-09-06 10:22:50', '2013-09-06 10:23:16', '0000-00-00 00:00:00', 0, 9);
INSERT INTO `newsinfo` VALUES (10, 26, 0, 1, '日文馆内2', '日文馆内2日文馆内2', '日文馆内2日文馆内2日文馆内2', '', 1, 1, '', '2013-09-06', '2013-09-06 10:23:21', '2013-09-06 10:23:37', '0000-00-00 00:00:00', 0, 10);
INSERT INTO `newsinfo` VALUES (11, 26, 0, 1, '日文馆内3', '日文馆内3日文馆内3日文馆内3日文馆内3', '日文馆内3日文馆内3日文馆内3日文馆内3日文馆内3日文馆内3', '', 1, 1, '', '2013-09-06', '2013-09-06 10:23:47', '2013-09-06 10:24:05', '0000-00-00 00:00:00', 0, 11);
INSERT INTO `newsinfo` VALUES (12, 25, 0, 1, '日文站点1', '日文站点1日文站点1', '日文站点1日文站点1日文站点1', '', 1, 1, '', '2013-09-06', '2013-09-06 10:24:09', '2013-09-06 10:24:31', '0000-00-00 00:00:00', 0, 12);
INSERT INTO `newsinfo` VALUES (13, 25, 0, 1, '日文站点11', '日文站点11', '日文站点11日文站点11日文站点11日文站点11', '', 1, 1, '', '2013-09-06', '2013-09-06 10:24:34', '2013-09-06 10:24:48', '0000-00-00 00:00:00', 0, 13);
INSERT INTO `newsinfo` VALUES (14, 4, 0, 1, '留言反馈 : -  时间：2013-10-15 7:45:29', '', '\r\n<br><br>\r\n	   \r\n姓 名 ：<br>\r\n电 话 : <br>\r\n邮 箱 : <br><br>\r\n\r\n留言信息 :<br><br>\r\n\r\n2013-10-15', '', 1, 1, '', '2013-10-15', '2013-10-15 07:45:29', '0000-00-00 00:00:00', '0000-00-00 00:00:00', 0, 0);
INSERT INTO `newsinfo` VALUES (15, 4, 0, 1, '伝言板 : -  時間：2013-10-15 8:00:33', '', '\r\n<br><br>\r\n	   \r\n氏 名 ：<br>\r\n電 話 : <br>\r\n電子メール : <br><br>\r\n内 容 :<br><br>\r\n\r\n2013-10-15', '', 1, 1, '', '2013-10-15', '2013-10-15 08:00:33', '0000-00-00 00:00:00', '0000-00-00 00:00:00', 0, 0);
INSERT INTO `newsinfo` VALUES (16, 4, 0, 1, '留言反馈 : -  时间：2014-02-25 12:24:28', '', '\r\n<br><br>\r\n	   \r\n姓 名 ：<br>\r\n电 话 : <br>\r\n邮 箱 : <br><br>\r\n\r\n留言信息 :<br><br>\r\n\r\n2014-02-25', '', 1, 1, '', '2014-02-25', '2014-02-25 12:24:28', '0000-00-00 00:00:00', '0000-00-00 00:00:00', 0, 0);
INSERT INTO `newsinfo` VALUES (17, 4, 0, 1, '伝言板 : -  時間：2014-02-25 15:37:47', '', '\r\n<br><br>\r\n	   \r\n氏 名 ：<br>\r\n電 話 : <br>\r\n電子メール : <br><br>\r\n内 容 :<br><br>\r\n\r\n2014-02-25', '', 1, 1, '', '2014-02-25', '2014-02-25 15:37:47', '0000-00-00 00:00:00', '0000-00-00 00:00:00', 0, 0);
INSERT INTO `newsinfo` VALUES (18, 4, 0, 1, '留言反馈 : -  时间：2014-03-29 13:03:30', '', '\r\n<br><br>\r\n	   \r\n姓 名 ：<br>\r\n电 话 : <br>\r\n邮 箱 : <br><br>\r\n\r\n留言信息 :<br><br>\r\n\r\n2014-03-29', '', 1, 1, '', '2014-03-29', '2014-03-29 13:03:30', '0000-00-00 00:00:00', '0000-00-00 00:00:00', 0, 0);
INSERT INTO `newsinfo` VALUES (19, 4, 0, 1, '伝言板 : -  時間：2014-03-30 0:53:21', '', '\r\n<br><br>\r\n	   \r\n氏 名 ：<br>\r\n電 話 : <br>\r\n電子メール : <br><br>\r\n内 容 :<br><br>\r\n\r\n2014-03-30', '', 1, 1, '', '2014-03-30', '2014-03-30 00:53:21', '0000-00-00 00:00:00', '0000-00-00 00:00:00', 0, 0);
INSERT INTO `newsinfo` VALUES (20, 4, 0, 1, '留言反馈 : -  时间：2014-04-07 4:55:55', '', '\r\n<br><br>\r\n	   \r\n姓 名 ：<br>\r\n电 话 : <br>\r\n邮 箱 : <br><br>\r\n\r\n留言信息 :<br><br>\r\n\r\n2014-04-07', '', 1, 1, '', '2014-04-07', '2014-04-07 04:55:55', '0000-00-00 00:00:00', '0000-00-00 00:00:00', 0, 0);
INSERT INTO `newsinfo` VALUES (21, 4, 0, 1, '伝言板 : -  時間：2014-06-14 6:29:37', '', '\r\n<br><br>\r\n	   \r\n氏 名 ：<br>\r\n電 話 : <br>\r\n電子メール : <br><br>\r\n内 容 :<br><br>\r\n\r\n2014-06-14', '', 1, 1, '', '2014-06-14', '2014-06-14 06:29:37', '0000-00-00 00:00:00', '0000-00-00 00:00:00', 0, 0);
INSERT INTO `newsinfo` VALUES (22, 4, 0, 1, '伝言板 : -  時間：2014-07-16 1:16:35', '', '\r\n<br><br>\r\n	   \r\n氏 名 ：<br>\r\n電 話 : <br>\r\n電子メール : <br><br>\r\n内 容 :<br><br>\r\n\r\n2014-07-16', '', 1, 1, '', '2014-07-16', '2014-07-16 01:16:35', '0000-00-00 00:00:00', '0000-00-00 00:00:00', 0, 0);
INSERT INTO `newsinfo` VALUES (23, 4, 0, 1, '留言反馈 : -  时间：2014-07-18 16:11:41', '', '\r\n<br><br>\r\n	   \r\n姓 名 ：<br>\r\n电 话 : <br>\r\n邮 箱 : <br><br>\r\n\r\n留言信息 :<br><br>\r\n\r\n2014-07-18', '', 1, 1, '', '2014-07-18', '2014-07-18 16:11:41', '0000-00-00 00:00:00', '0000-00-00 00:00:00', 0, 0);
INSERT INTO `newsinfo` VALUES (24, 4, 0, 1, '留言反馈 : -  时间：2014-07-23 14:37:43', '', '\r\n<br><br>\r\n	   \r\n姓 名 ：<br>\r\n电 话 : <br>\r\n邮 箱 : <br><br>\r\n\r\n留言信息 :<br><br>\r\n\r\n2014-07-23', '', 1, 1, '', '2014-07-23', '2014-07-23 14:37:43', '0000-00-00 00:00:00', '0000-00-00 00:00:00', 0, 0);

-- --------------------------------------------------------

-- 
-- 表的结构 `newspic`
-- 

CREATE TABLE `newspic` (
  `id_newspic` int(11) NOT NULL auto_increment,
  `id_newsinfo` int(11) NOT NULL,
  `id_hr` int(11) NOT NULL,
  `title` varchar(250) NOT NULL,
  `intro` text NOT NULL,
  `url` varchar(250) NOT NULL,
  `opicname` varchar(250) NOT NULL,
  `spicname` varchar(250) NOT NULL,
  `dele` int(1) NOT NULL default '1',
  `type` varchar(3) NOT NULL,
  `indate` datetime NOT NULL,
  `modate` datetime NOT NULL,
  `deldate` datetime NOT NULL,
  `browsecount` int(11) NOT NULL,
  PRIMARY KEY  (`id_newspic`)
) ENGINE=MyISAM DEFAULT CHARSET=utf8 AUTO_INCREMENT=1 ;

-- 
-- 导出表中的数据 `newspic`
-- 


-- --------------------------------------------------------

-- 
-- 表的结构 `pageset`
-- 

CREATE TABLE `pageset` (
  `id_pageset` int(11) NOT NULL auto_increment,
  `lang` int(1) NOT NULL default '1',
  `title` varchar(250) NOT NULL,
  `intro` text NOT NULL,
  `pagetitle` text NOT NULL,
  `keywords` text NOT NULL,
  `description` text NOT NULL,
  `content` text NOT NULL,
  `ordernum` int(11) NOT NULL,
  PRIMARY KEY  (`id_pageset`)
) ENGINE=MyISAM  DEFAULT CHARSET=utf8 AUTO_INCREMENT=26 ;

-- 
-- 导出表中的数据 `pageset`
-- 

INSERT INTO `pageset` VALUES (1, 0, '关于我们－酒店介绍', '', '酒店介绍－新沙珑国际宾馆', '', '', '<img border="0" height="23" src="/inc/pics/about_imgchi_01.gif" width="407" /><br />\r\n<br />\r\n<img alt="" src="/upload/other/images/20131119_111257.JPG" style="width: 680px; height: 907px" /><br />\r\n<img alt="" src="/upload/other/images/20131119_111355.JPG" style="width: 680px; height: 907px" /><br />\r\n<img alt="" src="/upload/other/images/20131119_111659.JPG" style="width: 680px; height: 982px" /><br />\r\n<br />\r\n松江区位于长江三角洲内上海市西南部，距上海市中心30公里，虹桥综合交通枢纽15公里，浦东国际机场50公里，是上海连接整个长三角、辐射长江流域的桥头堡和核心区域，地理位置特殊而重要。松江不仅拥有丰富的旅游资源，还是外商投资的首选之地。<br />\r\n上海松江新沙珑国际宾馆位于松江新城区内,紧邻地铁9号线松江大学城站,是松江首家外资商务宾馆，馆内设有106间各类客房、餐厅（包括中餐厅、日式西餐 厅、铁板烧）、酒吧、会议厅、宴会厅、商务中心、按摩中心等。凭借地理位置的优势,完善的设施,人性化的服务,先进的管理理念，造就了与众不同的新沙珑宾 馆。高雅的南欧装饰风格,优雅的环境,极具国际时尚感，新沙珑宾馆是世界各国人士之首选商务宾馆。<br />\r\n<br />\r\n新沙珑的全体员工都将怀着一颗感恩的心，用热情周到的服务来报答每一位新老顾客。<br />\r\n<br />\r\n我们期待您的光临！<br />\r\n<br />\r\n<span style="color: #008000">新沙珑国际宾馆( 中日合资)<br />\r\n上海市松江区梅家浜路1501号<br />\r\nTel: 86-21-3777-3939&nbsp; Fax:86-21-3777-3535<br />\r\nE-mail: <a href="mailto:services@newchalon.com" title="客户服务信箱">services@newchalon.com</a> </span><br />\r\n<br />\r\n<br />\r\n<br />\r\n<br />\r\n<br />\r\n<br />\r\n', 1);
INSERT INTO `pageset` VALUES (4, 1, '关于我们－周边导游', '', '周边导游－新沙珑国际宾馆', '', '', '<table border="0" cellpadding="0" cellspacing="0" height="125" id="table69" width="691">\r\n	<tbody>\r\n		<tr>\r\n			<td width="236">\r\n				<table align="center" border="0" bordercolor="DDDDDD" cellpadding="2" cellspacing="1" height="167" id="table71" width="200">\r\n					<tbody>\r\n						<tr>\r\n							<td>\r\n								<img border="0" height="161" src="/inc/pics/about_tour_01.jpg" width="194" /></td>\r\n						</tr>\r\n					</tbody>\r\n				</table>\r\n			</td>\r\n			<td width="455">\r\n				<table border="0" cellpadding="0" cellspacing="0" height="10" id="table72" width="245">\r\n					<tbody>\r\n						<tr>\r\n							<td>\r\n								<img height="6" src="/inc/pics/space.gif" width="1" /></td>\r\n						</tr>\r\n					</tbody>\r\n				</table>\r\n				<img border="0" height="28" src="/inc/pics/about_tourchi_01.gif" width="135" /><br />\r\n				<a href="http://sheshan.songjiang.gov.cn/" target="_blank">http://sheshan.songjiang.gov.cn/</a>\r\n				<table border="0" cellpadding="0" cellspacing="0" id="table73" width="100%">\r\n					<tbody>\r\n						<tr>\r\n							<td>\r\n								上海佘山国家旅游度假区建立于1995年，规划面积为64.08平方公里，核心区面积为10.88平方公里。佘山国家度假区拥有上海唯一的自然山林资源， 大小9座山峰自南向北，勾画成上海地区&ldquo;九峰十二山&rdquo;的独特风景。佘山国家旅游度假区是一个以山见长、以水为辅、中西合壁、古今交融的自然人文游览区，在 &ldquo;回归自然、休闲度假&rdquo;的定位下，经十年的开发建设，已经初步形成了具有高、中档旅游服务设施和高品位游客接待能力的休闲度假胜地。现有4A级的佘山国家 森林公园、月圆园艺术园、佘山圣母大殿、佘山天文台、佘山地震台、佘山国际高尔夫俱乐部、天马高尔夫乡村俱乐部、天马山赛车场等一批旅游景区（点）和娱乐 休闲场所。</td>\r\n						</tr>\r\n					</tbody>\r\n				</table>\r\n			</td>\r\n		</tr>\r\n	</tbody>\r\n</table>\r\n<table border="0" cellpadding="0" cellspacing="0" height="9" id="table74" width="690">\r\n	<tbody>\r\n		<tr>\r\n			<td>\r\n				<img height="9" src="/inc/pics/about_tour_02.gif" width="690" /></td>\r\n		</tr>\r\n	</tbody>\r\n</table>\r\n<table border="0" cellpadding="0" cellspacing="0" id="table75" width="690">\r\n	<tbody>\r\n		<tr>\r\n			<td>\r\n				<table border="0" cellpadding="0" cellspacing="0" height="10" id="table76" width="235">\r\n					<tbody>\r\n						<tr>\r\n							<td>\r\n								<img height="6" src="/inc/pics/space.gif" width="1" /></td>\r\n						</tr>\r\n					</tbody>\r\n				</table>\r\n				<table align="center" border="0" bordercolor="DDDDDD" cellpadding="2" cellspacing="1" height="167" id="table77" width="200">\r\n					<tbody>\r\n						<tr>\r\n							<td>\r\n								<img border="0" height="161" src="/inc/pics/about_tour_05.jpg" width="194" /></td>\r\n						</tr>\r\n					</tbody>\r\n				</table>\r\n			</td>\r\n			<td>\r\n				<table border="0" cellpadding="0" cellspacing="0" height="10" id="table78" width="245">\r\n					<tbody>\r\n						<tr>\r\n							<td>\r\n								<img height="6" src="/inc/pics/space.gif" width="1" /></td>\r\n						</tr>\r\n					</tbody>\r\n				</table>\r\n				&nbsp;<img height="28" src="/inc/pics/about_tourchi_05.gif" width="135" /><br />\r\n				<a href="http://www.sjtravel.org/fangta/index.html" target="_blank">http://www.sjtravel.org/fangta/index.html</a>\r\n				<table border="0" cellpadding="0" cellspacing="0" id="table79" width="100%">\r\n					<tbody>\r\n						<tr>\r\n							<td>\r\n								上海方塔园位于松江老城区的东部，是一座集中展现上海人文历史文化的经典园林。全园占地面积182亩，始建于1978 年，1982年正式对外开放。<br />\r\n								公园原址曾为唐宋时期古上海（华亭县）的闹市中心，北宋年间（公元1068年至1094年），这里就建造起闻名江南的兴圣教寺塔。到了明朝，府城隍庙、关 帝庙等大型寺庙又在这儿兴建起来。明清时期，兴圣教寺塔北侧有一条当时松江古城内最为热闹的街道&mdash;&mdash;&ldquo;三公街&rdquo;。因街旁有三座分别供奉着古上海历史上三位 名人：&ldquo;明代大书画家董其昌、明末抗清勇将李待问、清代著名书法家沈荃&rdquo;的祠堂，故定名为&ldquo;三公街&rdquo;。</td>\r\n						</tr>\r\n					</tbody>\r\n				</table>\r\n			</td>\r\n		</tr>\r\n	</tbody>\r\n</table>\r\n<table border="0" cellpadding="0" cellspacing="0" height="9" id="table80" width="690">\r\n	<tbody>\r\n		<tr>\r\n			<td>\r\n				<img height="9" src="/inc/pics/about_tour_02.gif" width="690" /></td>\r\n		</tr>\r\n	</tbody>\r\n</table>\r\n<table border="0" cellpadding="0" cellspacing="0" id="table81" width="690">\r\n	<tbody>\r\n		<tr>\r\n			<td>\r\n				<table border="0" cellpadding="0" cellspacing="0" height="10" id="table82" width="235">\r\n					<tbody>\r\n						<tr>\r\n							<td>\r\n								<img height="6" src="/inc/pics/space.gif" width="1" /></td>\r\n						</tr>\r\n					</tbody>\r\n				</table>\r\n				<table align="center" border="0" bordercolor="DDDDDD" cellpadding="2" cellspacing="1" height="167" id="table83" width="200">\r\n					<tbody>\r\n						<tr>\r\n							<td>\r\n								<img border="0" height="161" src="/inc/pics/about_tour_04.gif" width="194" /></td>\r\n						</tr>\r\n					</tbody>\r\n				</table>\r\n			</td>\r\n			<td>\r\n				<table border="0" cellpadding="0" cellspacing="0" height="10" id="table84" width="245">\r\n					<tbody>\r\n						<tr>\r\n							<td>\r\n								<img height="6" src="/inc/pics/space.gif" width="1" /></td>\r\n						</tr>\r\n					</tbody>\r\n				</table>\r\n				<img border="0" height="28" src="/inc/pics/about_tourchi_zb.gif" width="135" /><br />\r\n				<a href="http://www.17u.net/scenic_spot/piao-10527.html" target="_blank">http://www.17u.net/scenic_spot/piao-10527.html </a>\r\n				<table border="0" cellpadding="0" cellspacing="0" id="table85" width="100%">\r\n					<tbody>\r\n						<tr>\r\n							<td>\r\n								上海醉白池公园位于人民南路。公园始建于1644年，为明代画家董其昌觞咏处，也是名人学士常游之地。清顺治七年(1650年)，工部主事顾大申重加修 建，因非常崇拜白居易，仿宋韩琦的做法，将其更名为醉白池。公园占地面积76亩，是上海著名的五大古典园林之一。<br />\r\n								醉白池历经300余年，至今仍保留堂、轩、亭、舫、榭等古建筑，并保持着明清江南园林的风貌。园林布局以池水为中心，环池三面皆为曲廊亭榭，晴雨均可凭栏 赏景。醉白池之名取于苏轼《醉白堂记》，谓宋代宰相韩琦慕唐诗人白居易晚年以饮酒咏诗为乐而筑醉白堂。顾大申擅绘画，善诗文，亦慕白居易之乐而以&ldquo;醉白&rdquo; 为池、园名。</td>\r\n						</tr>\r\n					</tbody>\r\n				</table>\r\n			</td>\r\n		</tr>\r\n	</tbody>\r\n</table>\r\n<table border="0" cellpadding="0" cellspacing="0" height="9" id="table86" width="690">\r\n	<tbody>\r\n		<tr>\r\n			<td>\r\n				<img height="9" src="/inc/pics/about_tour_02.gif" width="690" /></td>\r\n		</tr>\r\n	</tbody>\r\n</table>\r\n<table border="0" cellpadding="0" cellspacing="0" id="table87" width="690">\r\n	<tbody>\r\n		<tr>\r\n			<td>\r\n				<table border="0" cellpadding="0" cellspacing="0" height="10" id="table88" width="235">\r\n					<tbody>\r\n						<tr>\r\n							<td>\r\n								<img height="6" src="/inc/pics/space.gif" width="1" /></td>\r\n						</tr>\r\n					</tbody>\r\n				</table>\r\n				<table align="center" border="0" bordercolor="DDDDDD" cellpadding="2" cellspacing="1" height="167" id="table89" width="200">\r\n					<tbody>\r\n						<tr>\r\n							<td>\r\n								<img border="0" height="161" src="/inc/pics/about_tour_08.gif" width="194" /></td>\r\n						</tr>\r\n					</tbody>\r\n				</table>\r\n			</td>\r\n			<td>\r\n				<table border="0" cellpadding="0" cellspacing="0" height="10" id="table90" width="245">\r\n					<tbody>\r\n						<tr>\r\n							<td>\r\n								<img height="6" src="/inc/pics/space.gif" width="1" /></td>\r\n						</tr>\r\n					</tbody>\r\n				</table>\r\n				<img border="0" height="28" src="/inc/pics/about_tourchi_towen.gif" width="135" /><br />\r\n				<a href="http://www.thamestown.com/default1.asp" target="_blank">http://www.thamestown.com/default1.asp </a>\r\n				<table border="0" cellpadding="0" cellspacing="0" id="table91" width="100%">\r\n					<tbody>\r\n						<tr>\r\n							<td>\r\n								泰晤士小镇位于松江新城的西部，是一个体现松江新城整体风格的标志性区域，该区占地约1平方公里，东侧为新城最大的一个人工湖。绿树清湖，具有原汁原味的英国乡村建筑风 格。<br />\r\n								泰晤士小镇设计风格引入英国泰晤士河边小镇风情和住宅特征，追求人与自然的最佳和谐，体现松江新城浓烈的现代化、国际性、生态型以及旅游文化气息。其中一 条连续的多功能步行街以及湖畔英式广场成为小镇的主轴线，也是居民及游人进行集会、表演、休闲、交往的好去处，层次丰富，引人入胜，整体气氛充满生活情调 和乐趣。</td>\r\n						</tr>\r\n					</tbody>\r\n				</table>\r\n			</td>\r\n		</tr>\r\n	</tbody>\r\n</table>\r\n<table border="0" cellpadding="0" cellspacing="0" height="9" id="table92" width="690">\r\n	<tbody>\r\n		<tr>\r\n			<td>\r\n				<img height="9" src="/inc/pics/about_tour_02.gif" width="690" />\r\n				<table border="0" cellpadding="0" cellspacing="0" id="table93" width="690">\r\n					<tbody>\r\n						<tr>\r\n							<td>\r\n								<table border="0" cellpadding="0" cellspacing="0" height="10" id="table94" width="235">\r\n									<tbody>\r\n										<tr>\r\n											<td>\r\n												<img height="6" src="/inc/pics/space.gif" width="1" /></td>\r\n										</tr>\r\n									</tbody>\r\n								</table>\r\n								<table align="center" border="0" bordercolor="DDDDDD" cellpadding="2" cellspacing="1" height="167" id="table95" width="200">\r\n									<tbody>\r\n										<tr>\r\n											<td>\r\n												<img border="0" height="161" src="/inc/pics/about_tour_uni.gif" width="194" /></td>\r\n										</tr>\r\n									</tbody>\r\n								</table>\r\n							</td>\r\n							<td>\r\n								<table border="0" cellpadding="0" cellspacing="0" height="10" id="table96" width="245">\r\n									<tbody>\r\n										<tr>\r\n											<td>\r\n												<img height="6" src="/inc/pics/space.gif" width="1" /></td>\r\n										</tr>\r\n									</tbody>\r\n								</table>\r\n								&nbsp;<img height="28" src="/inc/pics/about_tourchi_06.gif" width="135" /><br />\r\n								<a href="http://www.sjdxcw.com/" target="_blank">http://www.sjdxcw.com </a>\r\n								<table border="0" cellpadding="0" cellspacing="0" id="table97" width="100%">\r\n									<tbody>\r\n										<tr>\r\n											<td>\r\n												松江大学城位于松江新城区西北部，北临佘山国家旅游度假区，南依上海历史文化名城&mdash;松江，占地约8000亩 。松江大学城是我国第一座功能设施一流、校园环境一流、建设规模一流的没有&ldquo;围墙&rdquo;的大学园区。园区内现有上海外国语大学、东华大学、华东政法学院、上海对外贸易学院、上海工程技术大学、上海立信会计学院和复旦大学视觉艺术学院等7所大学。各所大学彼此之间用绿化带或河流加以划分。大学城周围有50米 宽的林带，还有可供划船的人工河。各校建筑风格不一，就外国语大学而言，英语、日语、西班牙、德语等专业的学生，分别在相对应的建筑内学习。体育中心规模 在国内高校中数第一、世界第二，四万余平方米的体育中心拥有体育场、游泳馆、展示厅等各类设施，可举办各类大型运动会。</td>\r\n										</tr>\r\n									</tbody>\r\n								</table>\r\n							</td>\r\n						</tr>\r\n					</tbody>\r\n				</table>\r\n				<table border="0" cellpadding="0" cellspacing="0" height="9" id="table98" width="690">\r\n					<tbody>\r\n						<tr>\r\n							<td>\r\n								<img height="9" src="/inc/pics/about_tour_02.gif" width="690" /></td>\r\n						</tr>\r\n					</tbody>\r\n				</table>\r\n				<table border="0" cellpadding="0" cellspacing="0" id="table99" width="690">\r\n					<tbody>\r\n						<tr>\r\n							<td>\r\n								<table border="0" cellpadding="0" cellspacing="0" height="10" id="table100" width="235">\r\n									<tbody>\r\n										<tr>\r\n											<td>\r\n												<img height="6" src="/inc/pics/space.gif" width="1" /></td>\r\n										</tr>\r\n									</tbody>\r\n								</table>\r\n								<table align="center" border="0" bordercolor="DDDDDD" cellpadding="2" cellspacing="1" height="167" id="table101" width="200">\r\n									<tbody>\r\n										<tr>\r\n											<td>\r\n												<img border="0" height="161" src="/inc/pics/about_tour_film.gif" width="194" /></td>\r\n										</tr>\r\n									</tbody>\r\n								</table>\r\n							</td>\r\n							<td>\r\n								<table border="0" cellpadding="0" cellspacing="0" height="10" id="table102" width="245">\r\n									<tbody>\r\n										<tr>\r\n											<td>\r\n												<img height="6" src="/inc/pics/space.gif" width="1" /></td>\r\n										</tr>\r\n									</tbody>\r\n								</table>\r\n								<img border="0" height="28" src="/inc/pics/about_tourchi_film.gif" width="135" /><br />\r\n								<a href="http://www.sfs-cn.com/images/hsdy/filmpark/index.htm" target="_blank">http://www.sfscn.com/images/hsdy/filmpark/index.htm </a>\r\n								<table border="0" cellpadding="0" cellspacing="0" id="table103" width="100%">\r\n									<tbody>\r\n										<tr>\r\n											<td>\r\n												上海影视乐园，由上海电影集团投资建设，总面积达433000M平方米，其中一期工程建筑总面积48032平方米，扩建工程建筑面积85228平方米；位 于上海市松江区，距市区28公里，西临320国道，是一个集影视拍摄、旅游观光、文化传播为一体的主题乐园。上海影视乐园建立于1999年10月，主要建 成了老上海十里洋场、车水马龙的南京路，老上海民居&mdash;&mdash;石库门里弄，具有欧式风情、汇聚西班牙、挪威等高档别墅的&ldquo;庭院&rdquo;，苏州河码头和港区，老上海闸北 区，老城厢等多个景点，并于2000年1月1日正式对外开放，是一处充满了老上海古典怀旧风味的特色旅游景点。</td>\r\n										</tr>\r\n									</tbody>\r\n								</table>\r\n							</td>\r\n						</tr>\r\n					</tbody>\r\n				</table>\r\n			</td>\r\n		</tr>\r\n	</tbody>\r\n</table>\r\n<br />\r\n', 4);
INSERT INTO `pageset` VALUES (5, 1, '关于我们－招聘信息', '', '招聘信息－新沙珑国际宾馆', '', '', '<div>\r\n	上海新沙珑酒店有限公司（中日合资）是由上海新贵盛物业管理有限公司和日本新沙龙株式会社共同投资 420 万美元成立的松江区首家外资商务酒店，是集 日式铁板烧、日式西餐等特色餐饮及客房为一体的酒店，内设 SPA 按摩馆，宴会厅，会议厅。充满异域风格的建筑装饰，优雅舒适的内部环境、精心制作的料理及个性化的服务为宾客提供着愉悦身心及享受美味的体验。酒店现已开业， 因发展需要 招聘以下职位：</div>\r\n<div>\r\n	&nbsp;</div>\r\n<div>\r\n	<strong>传菜员/服务员/水吧员 男女不限 2名 :</strong></div>\r\n<div>\r\n	&nbsp;</div>\r\n<div>\r\n	1、热爱服务行业，做事认真负责，吃苦耐劳</div>\r\n<div>\r\n	&nbsp;</div>\r\n<div>\r\n	2、品行端正，服务意识强，微笑服务</div>\r\n<div>\r\n	&nbsp;</div>\r\n<div>\r\n	3、负责菜品传递和宴会设台</div>\r\n<div>\r\n	&nbsp;</div>\r\n<div>\r\n	4、普通话标准，有相关工作经验者优先</div>\r\n<div>\r\n	&nbsp;</div>\r\n<div>\r\n	5、热爱酒店餐饮行业，品貌端正，吃苦耐劳</div>\r\n<div>\r\n	&nbsp;</div>\r\n<div>\r\n	6、薪资面议</div>\r\n<div>\r\n	&nbsp;</div>\r\n<div>\r\n	<strong>前厅接待 男女不限 1名 年龄18-27岁 :</strong></div>\r\n<div>\r\n	&nbsp;</div>\r\n<div>\r\n	1、应熟练地使用规范用语，热情、礼貌地接听电话</div>\r\n<div>\r\n	&nbsp;</div>\r\n<div>\r\n	2、耐心解答客户的各类问题，遇到疑难问题，应协调主管一同解决，保证客户的满意度</div>\r\n<div>\r\n	&nbsp;</div>\r\n<div>\r\n	3、品貌端正、形象气质佳，懂英语、日语者优先</div>\r\n<div>\r\n	&nbsp;</div>\r\n<div>\r\n	4、具备良好的团队合作精神，较好的抗压能力</div>\r\n<div>\r\n	&nbsp;</div>\r\n<div>\r\n	5、能够按时完成上级指示的其他工作</div>\r\n<div>\r\n	&nbsp;</div>\r\n<div>\r\n	6、薪资面议</div>\r\n<div>\r\n	&nbsp;</div>\r\n<div>\r\n	<strong>厨师 厨工 各1名 男女不限 :</strong></div>\r\n<div>\r\n	&nbsp;</div>\r\n<div>\r\n	1、吃苦耐劳、做事认真负责并有良好的学习能力</div>\r\n<div>\r\n	&nbsp;</div>\r\n<div>\r\n	2、喜欢厨师行业，有较强的顾客服务意识</div>\r\n<div>\r\n	&nbsp;</div>\r\n<div>\r\n	3、有良好的团队合作精神</div>\r\n<div>\r\n	&nbsp;</div>\r\n<div>\r\n	4、无经验者可以</div>\r\n<div>\r\n	&nbsp;</div>\r\n<div>\r\n	5、薪资面议</div>\r\n<div>\r\n	&nbsp;</div>\r\n<div>\r\n	&nbsp;</div>\r\n<div>\r\n	&nbsp;</div>\r\n<div>\r\n	以上岗位公司提供食宿 按照国家标准缴纳保险</div>\r\n<div>\r\n	&nbsp;</div>\r\n<div>\r\n	有意者请带好简历邮寄至：上海市松江区梅家浜路1501号上海新沙珑酒店有限公司，</div>\r\n<div>\r\n	&nbsp;</div>\r\n<div>\r\n	邮编：201620</div>\r\n<div>\r\n	&nbsp;</div>\r\n<div>\r\n	（地铁9号线松江大学城站对面） &nbsp;&nbsp;</div>\r\n<div>\r\n	&nbsp;</div>\r\n<div>\r\n	电话/传真：021-37773939 转 5016 人事部 &nbsp; &nbsp; &nbsp;</div>\r\n<div>\r\n	&nbsp;</div>\r\n<div>\r\n	联系人：朱小姐</div>\r\n', 5);
INSERT INTO `pageset` VALUES (2, 1, '关于我们－优惠活动', '', '优惠活动－新沙珑国际宾馆', '', '', '<img alt="" src="/upload/other/images/20130824_055651.gif" /><br />\r\n<img alt="" src="/upload/other/images/20130824_055650(1).jpg" /><br />\r\n<img alt="" src="/upload/other/images/20130824_055650(2).jpg" /><br />\r\n<img alt="" src="/upload/other/images/20130824_055650(3).jpg" /><br />\r\n<img alt="" src="/upload/other/images/20130824_055650(4).jpg" /><br />\r\n<img alt="" src="/upload/other/images/20130824_055650(5).jpg" /><br />\r\n<img alt="" src="/upload/other/images/20130824_055650(6).jpg" /><br />\r\n<img alt="" src="/upload/other/images/20130824_055650.jpg" /> ', 2);
INSERT INTO `pageset` VALUES (3, 1, '关于我们－位置地图', '', '位置地图－新沙珑国际宾馆', '', '', '<div>\r\n	<strong>从浦东机场到新沙珑国际宾馆</strong></div>\r\n<div>\r\n	如果您在浦东国际机场，通过以下路线到新沙珑国际宾馆。</div>\r\n<div>\r\n	&nbsp;1、由浦东国际机场：A30高速&rarr;A5高速&rarr;A8高速&rarr;右转嘉松公路。（约1小时） &nbsp; &nbsp; &nbsp; &nbsp;&nbsp;</div>\r\n<div>\r\n	&nbsp;2、从浦东机场乘磁悬浮 &rarr;龙阳路站转2号线(龙阳路&rarr;中山公园)&rarr;转3号线(中山公园&rarr;宜山路)&rarr;转9号线(宜山路&rarr;松江大学城) （约2小时30分） &nbsp; &nbsp;</div>\r\n<div>\r\n	　</div>\r\n<div>\r\n	<strong>从虹桥机场到新沙珑国际宾馆</strong></div>\r\n<div>\r\n	如果您在虹桥机场，通过以下路线到新沙珑国际宾馆</div>\r\n<div>\r\n	1、由虹桥国际机场：延安高架&rarr;A9高速&rarr;嘉松公路往南行驶（30分钟） &nbsp; &nbsp;&nbsp;</div>\r\n<div>\r\n	&nbsp;</div>\r\n<div>\r\n	<strong>大众交通</strong></div>\r\n<div>\r\n	地铁</div>\r\n<div>\r\n	新沙珑酒店在地铁9号线松江大学城站旁，您可以方便的利用地铁到达</div>\r\n<div>\r\n	由市中心区 ：到松江大学城站下<br />\r\n	一般公共汽车</div>\r\n<div>\r\n	松江地区3路、5路、18路，梅家浜路站下</div>\r\n<div>\r\n	　</div>\r\n<div>\r\n	<strong>自行驾车</strong></div>\r\n<div>\r\n	1、由南浦大桥经内环中山南路到莘庄接A8高速（约45分钟）</div>\r\n<div>\r\n	2、由闵行莘庄：A8高速 松江新城出口，直行到梅家浜路左转（约25分钟）</div>\r\n<div>\r\n	3、由佘山：嘉松公路驱车往南行驶（约10分钟）</div>\r\n<div>\r\n	4、由松江工业区：往大学城方向驱车 行驶（约15分钟）</div>\r\n<div>\r\n	5、由宾馆至著名旅游景点泰晤士小镇仅10分钟车程</div>\r\n<div>\r\n	6、由宾馆至佘山欢乐谷车程15分钟</div>\r\n', 3);
INSERT INTO `pageset` VALUES (6, 1, '客房信息－客房简介', '', '客房简介－新沙珑国际宾馆', '', '', '<table width="690" border="0" align="center" cellpadding="0" cellspacing="0" id="table29">\r\n                                <tr>\r\n                                  <td bgcolor="#FFFFFF"><table width="690" border="0" cellpadding="0" cellspacing="0" class="TD1" id="table30">\r\n                                      <tr>\r\n                                        <td width="330" valign="top"><table width="82%" border="0" cellpadding="3" cellspacing="1" bgcolor="D8D8D8" id="table31">\r\n                                            <tr>\r\n                                              <td valign="top" bgcolor="#FFFFFF"><img border="0" src="/inc/pics/singroom2.jpg" width="300" height="209"></td>\r\n                                            </tr>\r\n                                          </table>\r\n                                            <table width="308" border="0" cellspacing="0" cellpadding="0" id="table32">\r\n                                              <tr>\r\n                                                <td><img src="/inc/pics/space.gif" width="4" height="4"><img src="/inc/pics/space.gif" width="4" height="4"><img src="/inc/pics/space.gif" width="4" height="4"></td>\r\n                                              </tr>\r\n                                              <tr>\r\n                                                <td><div align="right"> <a href="room_double_a_show.htm"> <img src="/inc/pics/btn_bottom_zoom.gif" border="0"></a></div></td>\r\n                                              </tr>\r\n                                              <tr>\r\n                                                <td><img src="/inc/pics/space.gif" width="1" height="3"></td>\r\n                                              </tr>\r\n                                          </table></td>\r\n                                        <td width="360" valign="top"><p><img border="0" src="/inc/pics/room_chi_double_a.gif" width="331" height="40"><br>\r\n                                            <span style="font-family:SimSun;mso-ascii-font-family:\r\n&#48148;&#53461;;mso-hansi-font-family:&quot;Times New Roman&quot;;mso-fareast-language:ZH-CN" lang="ZH-CN">酒店设有商务单人间、豪华双床房、行政大床房、豪华套房等各类客房106间（套），所有客房均参照国际酒店标准配置。</span></p>\r\n                                          <p class="style2">&nbsp;</p></td>\r\n                                      </tr>\r\n                                    </table>\r\n                                      <table width="690" border="0" cellspacing="0" cellpadding="0" id="table33">\r\n                                        <tr>\r\n                                          <td><img src="/inc/pics/about_img_02.gif" width="690" height="7"></td>\r\n                                        </tr>\r\n                                      </table>\r\n                                    <table width="690" border="0" cellpadding="0" cellspacing="0" id="table34">\r\n                                        <tr>\r\n                                          <td width="305" valign="top"><table width="99%" border="0" cellspacing="0" cellpadding="0" id="table43">\r\n                                              <tr>\r\n                                                <td><img src="/inc/pics/room_imgchi_03.gif" width="135" height="28"></td>\r\n                                              </tr>\r\n                                              <tr>\r\n                                                <td><table width="100%" border="0" cellspacing="0" cellpadding="0" id="table44">\r\n                                                    <tr>\r\n                                                      <td width="20">　</td>\r\n                                                      <td class="TD1">&#8226;电子智能门锁<br>\r\n                                                        &#8226;全自动消防监控系统<br>\r\n                                                        &#8226;中央空调系统<br>\r\n                                                        &#8226;免费高速互联网接入<br>\r\n                                                        &#8226;卫星电视<br>\r\n                                                        &#8226;迷你吧<br>\r\n                                                        &#8226;个人保险柜<br>\r\n                                                        &#8226;洗衣服务<br>\r\n                                                        &#8226;全套卫浴设施<br>\r\n                                                        &#8226;免费茶、纯净水<br>\r\n                                                        &#8226;24小时管家式服务<br>\r\n                                                        &#8226;免费宽带接口</td>\r\n                                                    </tr>\r\n                                                </table></td>\r\n                                              </tr>\r\n                                            </table>\r\n                                              <br>\r\n                                          </td>\r\n                                          <td width="1" background="/inc/pics/pixel.gif"><img src="/inc/pics/space.gif" width="1" height="1"><br>\r\n                                          </td>\r\n                                          <td width="369" valign="top"><br>\r\n                                              <table width="100%" border="0" cellpadding="0" cellspacing="0" class="TD1" id="table37">\r\n                                                <tr>\r\n                                                  <td height="71" valign="top"><table width="103%" border="0" cellpadding="0" cellspacing="0" class="TD1" id="table38">\r\n                                                      <tr>\r\n                                                        <td width="5%" valign="top">　</td>\r\n                                                        <td width="95%" valign="top"><table width="100%" border="0" cellspacing="0" cellpadding="0" id="table39">\r\n                                                            <tr>\r\n                                                              <td width="65%"><img src="/inc/pics/room_imgchi_04.gif" width="60" height="28"></td>\r\n                                                              <td width="35%" valign="top">&nbsp;</td>\r\n                                                            </tr>\r\n                                                          </table>\r\n                                                            <table width="320" height="62" border="0" align="center" cellpadding="0" cellspacing="0" id="table40">\r\n                                                              <tr>\r\n                                                                <td width="306" height="62" background="/inc/pics/room_imgchi_11.gif" bgcolor="F1F1F1"><table width="48%" border="0" align="right" cellpadding="0" cellspacing="0" class="TD1" id="table41">\r\n                                                                  <!--DWLayoutTable-->\r\n                                                                  <tr>\r\n                                                                    <td width="77" height="8"></td>\r\n                                                                    <td width="56"></td>\r\n                                                                    <td width="10" rowspan="4"><div align="right"></div></td>\r\n                                                                    <td width="4"></td>\r\n                                                                  </tr>\r\n                                                                  <tr>\r\n                                                                    <td height="25"></td>\r\n                                                                    <td valign="top"><font color="#000000"> <strong>￥380</strong></font></td>\r\n                                                                    <td></td>\r\n                                                                  </tr>\r\n                                                                  <tr>\r\n                                                                    <td height="20" valign="top">商务内景房</td>\r\n                                                                    <td valign="top"><font color="F06B1C"> <strong>￥259</strong></font></td>\r\n                                                                    <td></td>\r\n                                                                  </tr>\r\n                                                                  <tr>\r\n                                                                    <td height="12"></td>\r\n                                                                    <td></td>\r\n                                                                    <td></td>\r\n                                                                  </tr>\r\n                                                                </table>\r\n                                                                <div align="right"></div></td>\r\n                                                              </tr>\r\n                                                            </table>\r\n                                                            <br>\r\n                                                          &nbsp;&nbsp;&nbsp;&nbsp;&nbsp;<img src="/inc/pics/room_pixel1.gif" width="3" height="3"><img src="/inc/pics/room_pixel1.gif" width="8" height="20" align="absmiddle"><span style="font-size:10.0pt;mso-bidi-font-size:\r\n12.0pt;font-family:SimSun;mso-ascii-font-family:&#48148;&#53461;;mso-hansi-font-family:&quot;Times New Roman&quot;;\r\nmso-bidi-font-family:&quot;Times New Roman&quot;;mso-font-kerning:1.0pt;mso-ansi-language:\r\nEN-US;mso-fareast-language:ZH-CN;mso-bidi-language:AR-SA" lang="ZH-CN">&#23545;于&#32593;上&#39044;&#32422;的客&#25143;，我&#20204;提供特&#21035;&#20248;惠价格。</span></td>\r\n                                                      </tr>\r\n                                                  </table></td>\r\n                                                </tr>\r\n                                                <tr>\r\n                                                  <td><img src="/inc/pics/room_img_08.gif" width="369" height="5"></td>\r\n                                                </tr>\r\n                                                <tr>\r\n                                                  <td><table width="101%" border="0" cellpadding="0" cellspacing="0" class="TD1" id="table42">\r\n                                                      <tr>\r\n                                                        <td width="5%" height="72" valign="top">　</td>\r\n                                                        <td width="74%" valign="top"><br>\r\n                                                            <img src="/inc/pics/room_imgchi_06.gif" width="135" height="28"><br>\r\n                                                          &nbsp;&nbsp;&nbsp;&nbsp;&nbsp;<img src="/inc/pics/room_pixel1.gif" width="3" height="3"><img src="/inc/pics/room_pixel1.gif" width="8" height="20" align="absmiddle">Tel: (86)21-3777-3939<br>\r\n                                                          &nbsp;&nbsp;&nbsp;&nbsp;&nbsp;<img src="/inc/pics/room_pixel1.gif" width="3" height="3"><img src="/inc/pics/room_pixel1.gif" width="8" height="20" align="absmiddle">Fax:(86)21-3777-3535<br>\r\n                                                          &nbsp;&nbsp;&nbsp;&nbsp;&nbsp;<img src="/inc/pics/room_pixel1.gif" width="3" height="3"><img src="/inc/pics/room_pixel1.gif" width="8" height="20" align="absmiddle">Mail:info@newchalon.com<br>\r\n                                                          &nbsp;<br>\r\n                                                                          <br>\r\n                                                        </td>\r\n                                                        <td width="21%" valign="top"><br>\r\n                                                            <br>\r\n                                                        </td>\r\n                                                      </tr>\r\n                                                  </table></td>\r\n                                                </tr>\r\n                                            </table></td>\r\n                                        </tr>\r\n                                    </table></td>\r\n                                </tr>\r\n                                <tr>\r\n                                  <td><img src="/inc/pics/about_img_lineup.gif" width="690" height="7"></td>\r\n                                </tr>\r\n                            </table>\r\n<br />\r\n<br />\r\n新沙珑国际宾馆系由中日合资经营，是一家高雅、舒适、安静的国际酒店，拥有105间功能齐全的客房及风格独特的美食餐厅。附属设施拥有各种适合不同阶层的社交聚会的宴会厅，服务温馨健康的按摩厅，舒适的办公环境商务中心等。\r\n<p>\r\n	<img border="0" height="40" src="/inc/pics/room_chi_prices.gif" width="331" /></p>\r\n<table border="1" bordercolor="#D6DDCA" cellpadding="0" cellspacing="0" id="table14" width="96%">\r\n	<tbody>\r\n		<tr>\r\n			<td align="center" bgcolor="#000000" height="31" style="color:#fff" width="97">\r\n				房间类型</td>\r\n			<td align="center" bgcolor="#000000" height="31" style="color:#fff" width="108">\r\n				房间数（间）</td>\r\n			<td align="center" bgcolor="#000000" height="31" style="color:#fff" width="145">\r\n				门市价（人民币）</td>\r\n			<td a="" align="center" bgcolor="#000000" height="31" style="color:#fff" width="181">\r\n				网站优惠房价 元/间/晚</td>\r\n		</tr>\r\n		<tr>\r\n			<td align="center" bgcolor="#F3F0EC">\r\n				商务单人房A</td>\r\n			<td align="center" bgcolor="#F3F0EC">\r\n				　</td>\r\n			<td align="center" bgcolor="#F3F0EC">\r\n				460</td>\r\n			<td align="center" bgcolor="#F3F0EC">\r\n				279</td>\r\n		</tr>\r\n		<tr>\r\n			<td align="center">\r\n				商务单人房B</td>\r\n			<td align="center">\r\n				&nbsp;</td>\r\n			<td align="center">\r\n				380</td>\r\n			<td align="center">\r\n				259</td>\r\n		</tr>\r\n		<tr>\r\n			<td align="center" background=" ">\r\n				高级大床房A</td>\r\n			<td align="center" background=" ">\r\n				　</td>\r\n			<td align="center" background=" ">\r\n				780</td>\r\n			<td align="center" background=" ">\r\n				429</td>\r\n		</tr>\r\n		<tr>\r\n			<td align="center">\r\n				高级大床房B</td>\r\n			<td align="center">\r\n				　</td>\r\n			<td align="center">\r\n				680</td>\r\n			<td align="center">\r\n				369</td>\r\n		</tr>\r\n		<tr>\r\n			<td align="center">\r\n				高级双床房A</td>\r\n			<td align="center" background=" ">\r\n				　</td>\r\n			<td align="center" background=" ">\r\n				780</td>\r\n			<td align="center" background=" ">\r\n				429</td>\r\n		</tr>\r\n		<tr>\r\n			<td align="center" background=" ">\r\n				高级双床房B</td>\r\n			<td align="center" valign="top">\r\n				&nbsp;</td>\r\n			<td align="center" valign="top">\r\n				680</td>\r\n			<td align="center" valign="top">\r\n				369</td>\r\n		</tr>\r\n		<tr>\r\n			<td height="1">\r\n				&nbsp;</td>\r\n			<td>\r\n				&nbsp;</td>\r\n			<td>\r\n				&nbsp;</td>\r\n			<td>\r\n				&nbsp;</td>\r\n		</tr>\r\n	</tbody>\r\n</table>\r\n<p>\r\n	※休闲房 两小时150元；每追加一小时50元。<br />\r\n	※加床另外加收100元。<br />\r\n	※入住时间：下午2：00起<br />\r\n	※退房时间：中午12：00前。<br />\r\n	※特殊节假日和活动期间的房价另定。酒店有权根据实际情况对以上价格做适当调整。</p>\r\n', 7);
INSERT INTO `pageset` VALUES (7, 1, '会议设施－会议室', '', '会议室－新沙珑国际宾馆', '', '', '<table align="center" border="0" cellpadding="0" cellspacing="0" id="table16" width="690">\r\n	<tbody>\r\n		<tr>\r\n			<td>\r\n				<table border="0" cellpadding="0" cellspacing="5" height="530" id="table17" width="690">\r\n					<tbody>\r\n						<tr>\r\n							<td height="530">\r\n								<table border="0" cellpadding="3" cellspacing="1" id="table22" width="82%">\r\n									<tbody>\r\n										<tr>\r\n											<td>\r\n												<img height="237" src="/inc/pics/banquet_img_a01.jpg" width="300" /></td>\r\n										</tr>\r\n									</tbody>\r\n								</table>\r\n								<table border="0" cellpadding="0" cellspacing="0" id="table23" width="308">\r\n									<tbody>\r\n										<tr>\r\n											<td>\r\n												<div align="left">\r\n													<a href="/inc/pics/banquet_img_b01.jpg" target="_blank"><img border="0" height="15" src="/inc/pics/btn_bottom_zoom.gif" width="53" /></a></div>\r\n											</td>\r\n											<td>\r\n												　</td>\r\n										</tr>\r\n									</tbody>\r\n								</table>\r\n								<table border="0" cellpadding="3" cellspacing="1" id="table24" width="82%">\r\n									<tbody>\r\n										<tr>\r\n											<td>\r\n												<img border="0" height="237" src="/inc/pics/banquet_img_a02.jpg" width="300" /></td>\r\n										</tr>\r\n									</tbody>\r\n								</table>\r\n								<table border="0" cellpadding="0" cellspacing="0" id="table25" width="308">\r\n									<tbody>\r\n										<tr>\r\n											<td>\r\n												<a href="/inc/pics/banquet_img_b02.jpg" target="_blank"><img border="0" height="15" src="/inc/pics/btn_bottom_zoom.gif" width="53" /></a></td>\r\n											<td>\r\n												　</td>\r\n										</tr>\r\n									</tbody>\r\n								</table>\r\n							</td>\r\n							<td valign="top">\r\n								<p>\r\n									<img border="0" height="36" src="/inc/pics/hall_head_02.gif" width="247" /><br />\r\n									为了满足宾客的会议办公需求，沙珑宾馆特设了可容纳30人的会务场所，无论是办公型会议或商务型会议，新沙珑都将根据宾客的不同需要精心策划，提供全面细致的会议服务。各种新科技、完善的会务设备定会使您的会议圆满、成功。<br />\r\n									会议室配备以下先进的视听设备：<br />\r\n									&nbsp; &bull; 高速宽带上网<br />\r\n									&nbsp; &bull; 高清晰投影仪/幻灯机<br />\r\n									&nbsp; &bull; 视频/数据投影仪<br />\r\n									&nbsp; &bull; DVD<br />\r\n									从会议的准备到完成，新沙珑会使您真正感受到我们诚挚、热情、周到的全程服务。</p>\r\n								<br />\r\n								<br />\r\n								<p>\r\n									<br />\r\n									&nbsp;<img height="24" src="/inc/pics/img_res_helpchi.gif" width="88" /><br />\r\n									直拨电话:86-21-3777-3939</p>\r\n								<p>\r\n									<br />\r\n									查看价格清单表</p>\r\n								<p>\r\n									<br />\r\n									<a href="/index.php?pageid=8"><img align="right" border="0" height="19" src="/inc/pics/btn_nextchi.gif" width="68" /></a></p>\r\n							</td>\r\n						</tr>\r\n					</tbody>\r\n				</table>\r\n			</td>\r\n		</tr>\r\n	</tbody>\r\n</table>\r\n<table align="center" border="0" cellpadding="0" cellspacing="0" width="690">\r\n	<tbody>\r\n		<tr>\r\n			<td>\r\n				<img height="412" src="/inc/pics/p2.jpg" width="688" /></td>\r\n		</tr>\r\n	</tbody>\r\n</table>\r\n<br />\r\n', 8);
INSERT INTO `pageset` VALUES (8, 1, '会议设施－宴会厅', '', '宴会厅', '', '', '<table align="center" border="0" cellpadding="0" cellspacing="0" id="table16" width="690">\r\n					<tbody>\r\n						<tr>\r\n							<td height="428">\r\n								<img height="583" src="/inc/pics/p1.jpg" width="700" /></td>\r\n						</tr>\r\n						<tr>\r\n							<td>\r\n								<table border="0" cellpadding="5" cellspacing="0" id="table17" width="690">\r\n									<tbody>\r\n										<tr>\r\n											<td height="534">\r\n												<table border="0" cellpadding="3" cellspacing="1" id="table22" width="82%">\r\n													<tbody>\r\n														<tr>\r\n															<td>\r\n																<img height="239" src="/inc/pics/banquet_img_02.jpg" width="300" /></td>\r\n														</tr>\r\n													</tbody>\r\n												</table>\r\n												<table border="0" cellpadding="0" cellspacing="0" id="table23" width="308">\r\n													<tbody>\r\n														<tr>\r\n															<td>\r\n																<div align="left">\r\n																	<a href="/inc/pics/hall01.jpg" target="_blank"><img border="0" height="15" src="/inc/pics/btn_bottom_zoom.gif" width="53" /></a></div>\r\n															</td>\r\n															<td>\r\n																　</td>\r\n														</tr>\r\n													</tbody>\r\n												</table>\r\n												<table border="0" cellpadding="3" cellspacing="1" id="table24" width="82%">\r\n													<tbody>\r\n														<tr>\r\n															<td>\r\n																<img border="0" height="239" src="/inc/pics/banquet_img_a04.jpg" width="300" /></td>\r\n														</tr>\r\n													</tbody>\r\n												</table>\r\n												<table border="0" cellpadding="0" cellspacing="0" id="table25" width="308">\r\n													<tbody>\r\n														<tr>\r\n															<td>\r\n																<div align="left">\r\n																	<a href="/inc/pics/hall03.jpg" target="_blank"><img border="0" height="15" src="/inc/pics/btn_bottom_zoom.gif" width="53" /></a></div>\r\n															</td>\r\n															<td>\r\n																　</td>\r\n														</tr>\r\n													</tbody>\r\n												</table>\r\n											</td>\r\n											<td valign="top">\r\n												<p><img border="0" height="36" src="/inc/pics/hall_head_01.gif" width="247" /><br /><br />\r\n												宴会厅位于大堂一楼，其设计高贵、典雅瑰丽，特别适合举行各种寿宴、满月宴、大中型婚宴、鸡尾酒会、主题派对、 学术研讨会等。可同时容纳200余人。不仅如此，这里配有专业投影、屏幕、白板、放映机、音响等设备，适用于各种宴会活动。这些先进的设施装备将为您的宴 会活动增添光彩。新沙珑汇集了拥有丰富经验的专业人士，他们将为您提供专业的服务。加上由新沙珑一流大厨为您精心烹制新鲜美味、经典的菜肴，我们相信您一 定能在这里度过一段愉快难忘的时光。</p><br><br>\r\n												<p>&nbsp;<img height="24" src="/inc/pics/img_res_helpchi.gif" width="88" /><br /><br />\r\n												直拨电话:86-21-3777-3939<br />\r\n												查看价格清单表</p></td>\r\n										</tr>\r\n									</tbody>\r\n								</table>\r\n							</td>\r\n						</tr>\r\n					</tbody>\r\n				</table>', 9);
INSERT INTO `pageset` VALUES (9, 1, '会议设施－商务中心', '', '商务中心－新沙珑国际宾馆', '', '', '<table align="center" border="0" cellpadding="0" cellspacing="0" id="table8" width="690">\r\n	<tbody>\r\n		<tr>\r\n			<td>\r\n				<table border="0" cellpadding="0" cellspacing="5" id="table9" width="690">\r\n					<tbody>\r\n						<tr>\r\n						  <td valign="top">\r\n								<table border="0" cellpadding="3" cellspacing="1" id="table10" width="82%">\r\n									<tbody>\r\n										<tr>\r\n											<td>\r\n												<img height="239" src="/inc/pics/banquet_img_03.jpg" width="300" /></td>\r\n										</tr>\r\n									</tbody>\r\n								</table>\r\n								<img height="16" src="/inc/pics/business_imgtitle.gif" width="96" /></td>\r\n							<td rowspan="3" valign="top">\r\n								<p><img border="0" height="36" src="/inc/pics/hall_head_03.gif" width="247" /><br />\r\n								拥有先进完善的商务设施设备，服务高效快捷，为商务宾客提供更大方便。<br />\r\n								&nbsp; &bull; 复印<br />\r\n								&nbsp; &bull; 扫描<br />\r\n								&nbsp; &bull; 打印<br />\r\n								&nbsp; &bull; 传真<br />\r\n								&nbsp; &bull; 快递<br />\r\n								&nbsp; &bull; 宽带网络<br />\r\n								&nbsp; &bull; 旅游咨询<br />\r\n								&nbsp; &bull; 电脑租用<br />\r\n								&nbsp; &bull; 票务预订<br />\r\n								&nbsp; &bull; 国内、国际长途电话</p><br /><br />\r\n								<p><img height="24" src="/inc/pics/img_res_helpchi.gif" width="88" /><br />\r\n							    直拨电话:86-21-3777-3939&nbsp;</p></td>\r\n						</tr>\r\n						<tr>\r\n							<td>\r\n								　</td>\r\n						</tr>\r\n						<tr>\r\n							<td>\r\n								<table border="0" cellpadding="3" cellspacing="1" height="99" id="table11" width="82%">\r\n									<tbody>\r\n										<tr>\r\n											<td valign="top">\r\n												<a href=""> <img border="0" height="100" src="/inc/pics/fi.jpg" width="300" /></a></td>\r\n										</tr>\r\n									</tbody>\r\n								</table>\r\n							</td>\r\n						</tr>\r\n					</tbody>\r\n				</table>\r\n		  </td>\r\n		</tr>\r\n	</tbody>\r\n</table>\r\n<br />\r\n', 10);
INSERT INTO `pageset` VALUES (10, 1, '按摩中心－按摩厅', '', '按摩厅－新沙珑国际宾馆', '', '', '<table width="690" border="0" cellpadding="0" cellspacing="5" class="TD1" id="table12">\r\n                <!--DWLayoutTable-->\r\n                  <tr>\r\n                    <td width="308" height="265" valign="top"><table width="82%" border="0" cellpadding="3" cellspacing="1" bgcolor="D8D8D8" id="table13">\r\n                        <tr>\r\n                          <td valign="top" bgcolor="#FFFFFF"><img src="/inc/pics/spa01.jpg" width="300" height="237"></td>\r\n                        </tr>\r\n                      </table>\r\n                      　\r\n                    </td>\r\n                    <td width="382" colspan="2" valign="top"><img border="0" src="/inc/pics/fac_title_fitnesschi.gif" width="100%" height="40"><br>\r\n                      我们为您准备了单人、双人贵宾护理室，足部反射神经按摩室以及顶级纯天然护理产品，满足您的不同需求。专业体贴的身体护理、纯正香熏精油迷人的幽香,柔和安详的光线,美容理疗师柔软温和的按摩,轻啜天然的植物茶饮,体验按摩带给您美妙的感觉吧！<br>\r\n                      我们热情周到的服务，集多元文化与技能的水之源特色按摩，将带您度过难忘的旅程。<br>\r\n                      我们期待着您的光临！<br><br>\r\n                    <p> <img src="/inc/pics/img_res_timechi.gif" width="88" height="24"> <br>上午12：00至下午24：00</td>\r\n                  </tr>\r\n                  <tr>\r\n                    <td height="586" valign="top"><table width="82%" border="0" cellpadding="3" cellspacing="1" bgcolor="D8D8D8" id="table53">\r\n                        <tr>\r\n                          <td valign="top" bgcolor="#FFFFFF"><img src="/inc/pics/spa05.gif" width="300" height="237"></td>\r\n                        </tr>\r\n                      </table>                      <img src="/inc/pics/fac_img_title_fitness.gif" width="71" height="16">\r\n                      <table width="82%" border="0" cellpadding="3" cellspacing="1" bgcolor="D8D8D8" id="table59">\r\n                          <tr>\r\n                            <td valign="top" bgcolor="#FFFFFF"><img src="/inc/pics/massage01.jpg" width="300" height="237"></td>\r\n                        </tr>\r\n                      </table>                      <img src="/inc/pics/m_space.gif" width="71" height="16">                    </td>\r\n                    <td colspan="2" valign="top"><p> <img border="0" src="/inc/pics/fitness_title_am.gif" width="331" height="25"></p>                      <p><font color="#808080"> <span style="font-family: 宋体; font-size: 10pt"> 我们为您准备了单人双人贵宾护理室,以及顶级天然护理产品,理疗师柔软温和的按摩,让您的感觉美妙无比!</span></font></p>                      <TABLE cellSpacing=1 cellPadding=5 width="95%" align=center bgColor=#c4a93c \r\nborder=0 id="table45">\r\n                      <!--DWLayoutTable-->\r\n                        <TBODY>\r\n                          <TR>\r\n                            <TD class=bold align=middle width="44%" bgColor=#f7f9fd><p align="center"><b> <span style="font-size: 10pt; font-family: Times New Roman"> <font color="#4F8966">美 容 项 目</font></span></b></TD>\r\n                            <TD class=bold align=middle width="23%" bgColor=#f7f9fd><P align=center><b><font color="#4F8966"> <span style="font-size: 10pt; font-family: Times New Roman">时&nbsp;\r\n                              间</span></font></b></P></TD>\r\n                            <TD class=bold align=middle width="22%" bgColor=#f7f9fd><p align="center"><b><font color="#4F8966"> <span style="font-size: 10pt; font-family: Times New Roman">价 格</span></font></b></TD>\r\n                          </TR>\r\n                          <TR>\r\n                            <TD align=middle bgColor=#f7f9fd><font color="#808080"> <span style="font-family: 宋体; font-size: 10pt">中式传统按摩</span></font></TD>\r\n                            <TD bgColor=#f7f9fd align="center"><font color="#808080"> <span style="font-family: 宋体; font-size: 10pt">60分</span></font></TD>\r\n                            <TD bgColor=#f7f9fd align="center"><font color="#808080"> <span style="font-family: 宋体; font-size: 10pt">128元</span></font></TD>\r\n                          </TR>\r\n                          <TR>\r\n                            <TD align=middle bgColor=#f7f9fd><font color="#808080"> <span style="font-family: 宋体; font-size: 10pt">芳香背部按摩</span></font></TD>\r\n                            <TD bgColor=#f7f9fd align="center"><font color="#808080"> <span style="font-family: 宋体; font-size: 10pt">60分</span></font></TD>\r\n                            <TD bgColor=#f7f9fd align="center"><font color="#808080"> <span style="font-family: 宋体; font-size: 10pt">268元</span></font></TD>\r\n                          </TR>\r\n                          <TR>\r\n                            <TD align=middle bgColor=#f7f9fd><font color="#808080"> <span style="font-family: 宋体; font-size: 10pt">精油全身按摩</span></font></TD>\r\n                            <TD bgColor=#f7f9fd align="center"><font color="#808080"> <span style="font-family: 宋体; font-size: 10pt">90分</span></font></TD>\r\n                            <TD bgColor=#f7f9fd align="center"><font color="#808080"> <span style="font-family: 宋体; font-size: 10pt">388元</span></font></TD>\r\n                          </TR>\r\n                          <TR>\r\n                            <TD align=middle bgColor=#f7f9fd><font color="#808080"><span style="font-family: 宋体; font-size: 10pt">肩-颈-背部按摩</span> </font></TD>\r\n                            <TD bgColor=#f7f9fd align="center"><font color="#808080"> <span style="font-family: 宋体; font-size: 10pt">60分</span></font></TD>\r\n                            <TD bgColor=#f7f9fd align="center"><font color="#808080"> <span style="font-family: 宋体; font-size: 10pt">128元</span></font></TD>\r\n                          </TR>\r\n                          <TR>\r\n                            <TD align=middle bgColor=#f7f9fd><font color="#808080"><span style="font-family: 宋体; font-size: 10pt">火山石热疗</span> </font></TD>\r\n                            <TD bgColor=#f7f9fd align="center"><font color="#808080"> <span style="font-family: 宋体; font-size: 10pt">60分</span></font></TD>\r\n                            <TD bgColor=#f7f9fd align="center"><font color="#808080"> <span style="font-family: 宋体; font-size: 10pt">268元</span></font></TD>\r\n                          </TR>\r\n                          <TR>\r\n                            <TD height="1"></TD>\r\n                            <TD></TD>\r\n                            <TD></TD>\r\n                          </TR>\r\n                        </TBODY>\r\n                              </TABLE>                      <p> <img border="0" src="/inc/pics/fitness_title_food_am.gif" width="331" height="25"></p>                      <p><font color="#808080"> <span style="font-family: 宋体; font-size: 10pt"> 激活末稍血液循环,保持健康自信。</span></font></p>                      <TABLE cellSpacing=1 cellPadding=5 width="95%" align=center bgColor=#c4a93c \r\nborder=0 id="table61">\r\n                          <TBODY>\r\n                            <TR>\r\n                              <TD class=bold align=middle width="51%" bgColor=#f7f9fd><p align="center"><b> <span style="font-size: 10pt; font-family: Times New Roman"> <font color="#4F8966">美 容 项 目</font></span></b></TD>\r\n                              <TD class=bold align=middle width="20%" bgColor=#f7f9fd><P align=center><b><font color="#4F8966"> <span style="font-size: 10pt; font-family: Times New Roman">时&nbsp;\r\n                                间</span></font></b></P></TD>\r\n                              <TD class=bold align=middle width="19%" bgColor=#f7f9fd><p align="center"><b><font color="#4F8966"> <span style="font-size: 10pt; font-family: Times New Roman">价 格</span></font></b></TD>\r\n                            </TR>\r\n                            <TR>\r\n                              <TD align=middle bgColor=#f7f9fd><p align="left"><font color="#808080"> <span style="font-family: 宋体; font-size: 10pt">中药泡脚+脚底按摩</span></font></TD>\r\n                              <TD bgColor=#f7f9fd align="center"><font color="#808080"> <span style="font-family: 宋体; font-size: 10pt">60分钟</span></font></TD>\r\n                              <TD bgColor=#f7f9fd align="center"><font color="#808080"> <span style="font-family: 宋体; font-size: 10pt">100元</span></font></TD>\r\n                            </TR>\r\n                            <TR>\r\n                              <TD align=middle bgColor=#f7f9fd><font color="#808080"> <span style="font-family: 宋体; font-size: 10pt">捏&nbsp; 脚</span></font></TD>\r\n                              <TD bgColor=#f7f9fd align="center"><font color="#808080">次</font></TD>\r\n                              <TD bgColor=#f7f9fd align="center"><font color="#808080"> <span style="font-family: 宋体; font-size: 10pt">38元</span></font></TD>\r\n                            </TR>\r\n                            <TR>\r\n                              <TD align=middle bgColor=#f7f9fd><font color="#808080"> <span style="font-family: 宋体; font-size: 10pt">刮&nbsp; 脚</span></font></TD>\r\n                              <TD bgColor=#f7f9fd align="center"><font color="#808080"> 次</font></TD>\r\n                              <TD bgColor=#f7f9fd align="center"><font color="#808080"> <span style="font-family: 宋体; font-size: 10pt">38元</span></font></TD>\r\n                            </TR>\r\n                            <TR>\r\n                              <TD align=middle bgColor=#f7f9fd><font color="#808080"><span style="font-family: 宋体; font-size: 10pt">扦&nbsp; 脚</span></font></TD>\r\n                              <TD bgColor=#f7f9fd align="center"><font color="#808080"> 次</font>　</TD>\r\n                              <TD bgColor=#f7f9fd align="center"><font color="#808080"> <span style="font-family: 宋体; font-size: 10pt">38元</span></font></TD>\r\n                            </TR>\r\n                            <TR>\r\n                              <TD align=middle bgColor=#f7f9fd><font color="#808080"><span style="font-family: 宋体; font-size: 10pt">拔&nbsp; 罐</span> </font></TD>\r\n                              <TD bgColor=#f7f9fd align="center"><font color="#808080">次</font>　</TD>\r\n                              <TD bgColor=#f7f9fd align="center"><font color="#808080"> <span style="font-family: 宋体; font-size: 10pt">58元</span></font></TD>\r\n                            </TR>\r\n                            <TR>\r\n                              <TD align=middle bgColor=#f7f9fd><font color="#808080"><span style="font-family: 宋体; font-size: 10pt">耳&nbsp; 烛 </span> </font></TD>\r\n                              <TD bgColor=#f7f9fd align="center"><font color="#808080">次</font>　</TD>\r\n                              <TD bgColor=#f7f9fd align="center"><font color="#808080"> <span style="font-family: 宋体; font-size: 10pt">68元</span></font></TD>\r\n                            </TR>\r\n                            <TR>\r\n                              <TD align=middle bgColor=#f7f9fd><font color="#808080"> <span style="font-family: 宋体; font-size: 10pt">刮&nbsp; 沙</span></font></TD>\r\n                              <TD bgColor=#f7f9fd align="center"><font color="#808080">次</font>　</TD>\r\n                              <TD bgColor=#f7f9fd align="center"><font color="#808080"> <span style="font-family: 宋体; font-size: 10pt">58元</span></font></TD>\r\n                            </TR>\r\n                          </TBODY>\r\n                      </TABLE></td>\r\n                  </tr>\r\n                                                                                    </table>', 11);
INSERT INTO `pageset` VALUES (11, 1, '按摩中心－SPA护理', '', 'SPA护理－新沙珑国际宾馆', '', '', '<table border="0" cellpadding="0" cellspacing="0" class="TD1" id="table12" width="690">\r\n	<!--DWLayoutTable-->\r\n	<tbody>\r\n		<tr>\r\n			<td valign="top" width="331">\r\n				　</td>\r\n			<td valign="top" width="359">\r\n				　</td>\r\n		</tr>\r\n		<tr>\r\n			<td rowspan="4" valign="top">\r\n				<table bgcolor="D8D8D8" border="0" cellpadding="3" cellspacing="1" id="table13" width="82%">\r\n					<tbody>\r\n						<tr>\r\n							<td bgcolor="#FFFFFF" valign="top">\r\n								<img height="237" src="/inc/pics/fitness.jpg" width="300" /></td>\r\n						</tr>\r\n					</tbody>\r\n				</table>\r\n				<img height="16" src="/inc/pics/fac_img_title_fitness.gif" width="71" />\r\n				<p>\r\n					<img border="0" height="25" src="/inc/pics/fac_title_fitnessspa00.gif" width="331" /></p>\r\n				<p>\r\n					<b><font color="#4F8966"><span style="font-size: 10.5pt; font-family: Times New Roman">火玫瑰激情套餐&nbsp;&nbsp;&nbsp; 2小时&nbsp;&nbsp; 680元</span></font></b><br />\r\n					套餐内容：<br />\r\n					1）净身<br />\r\n					2）全身矿物盐去角质<br />\r\n					3）身体保养（卵巢保养，脊椎保养任选）<br />\r\n					4）面部基础按摩<br />\r\n					5）火玫瑰激情按摩<br />\r\n					6）泡浴<br />\r\n					6）花茶、水果<br />\r\n					<b><font color="#4F8966"><span style="font-size: 10.5pt; font-family: Times New Roman">水晶之恋活力套餐2小时 680元</span></font></b><br />\r\n					套餐内容：<br />\r\n					1）净身<br />\r\n					2）全身熏衣草盐去角质<br />\r\n					3）全身活力按摩<br />\r\n					4）面部基础护理<br />\r\n					5）泡浴（牛奶+精油）<br />\r\n					6）咖啡，水果<br />\r\n					<b><font color="#4F8966"><span style="font-size: 10.5pt; font-family: Times New Roman">亲密爱人套餐&nbsp;&nbsp;&nbsp;&nbsp;&nbsp; 3小时&nbsp;&nbsp;&nbsp;&nbsp; 980元</span></font></b><br />\r\n					1）净身<br />\r\n					2）泡浴<br />\r\n					3）全身去角质<br />\r\n					4）亲密爱人身体按摩<br />\r\n					5）面部基础护理<br />\r\n					6）养生茶点</p>\r\n			</td>\r\n			<td height="189" valign="top">\r\n				<p>\r\n					<img border="0" height="25" src="/inc/pics/fac_title_fitnessspah.gif" width="331" /><br />\r\n					<font face="Arial">SPA</font>护理组合是<font face="Arial">SPA</font>感受的另一体现。<br />\r\n					当您置身于<font face="Arial">SPA</font>氛围和空间里，放下内心和外在的所有紧张和压力，使身心得到统一。<br />\r\n					近乎奢华的享受Span Package是给您带来轻松与愉悦的一份厚礼。<br />\r\n					Spa Package是为不同人士量身定制的护理组合。</p>\r\n				<p>\r\n					<img border="0" height="25" src="/inc/pics/fac_title_fitnessspa02.gif" width="331" /></p>\r\n			</td>\r\n		</tr>\r\n		<tr>\r\n			<td height="206" valign="top">\r\n				　\r\n				<table align="center" bgcolor="#c4a93c" border="0" cellpadding="5" cellspacing="1" id="table22" width="98%">\r\n					<tbody>\r\n						<tr>\r\n							<td align="middle" bgcolor="#f7f9fd" class="bold" height="31" width="21%">\r\n								<b><span style="font-size: 10pt; font-family: Times New Roman"><font color="#4F8966">项 目</font></span></b></td>\r\n							<td align="middle" bgcolor="#f7f9fd" class="bold" height="31" width="57%">\r\n								<p align="center">\r\n									<b><span style="font-family: Times New Roman; font-size: 10pt"><font color="#4F8966">功 能</font></span></b></p>\r\n							</td>\r\n							<td align="middle" bgcolor="#f7f9fd" class="bold" height="31" width="14%">\r\n								<p align="center">\r\n									<b><font color="#4F8966"><span style="font-family: Times New Roman; font-size: 10pt">价</span><font size="2"><span style="font-family: Times New Roman">&nbsp; 格</span></font></font></b></p>\r\n							</td>\r\n						</tr>\r\n						<tr>\r\n							<td align="middle" bgcolor="#f7f9fd">\r\n								<font color="#808080"><span style="font-size: 10pt; font-family: 宋体">花瓣泡浴全身去角质</span></font></td>\r\n							<td align="left" bgcolor="#f7f9fd">\r\n								<font color="#808080"><span style="font-size: 10pt; font-family: 宋体">适宜的温度，迷人的花香会让您心旷神怡</span></font></td>\r\n							<td align="center" bgcolor="#f7f9fd">\r\n								<font color="#808080"><span style="font-size: 10pt; font-family: 宋体">268元</span></font></td>\r\n						</tr>\r\n						<tr>\r\n							<td align="middle" bgcolor="#f7f9fd">\r\n								<div align="left">\r\n									<font color="#808080"><span style="font-size: 10pt; font-family: 宋体">精油泡浴全身去角质<span class="style1"><font color="#808080"> </font></span></span></font></div>\r\n							</td>\r\n							<td align="left" bgcolor="#f7f9fd">\r\n								<font color="#808080"><span style="font-size: 10pt; font-family: 宋体">充分滋养，令肌肤丝绸般润滑</span></font></td>\r\n							<td align="center" bgcolor="#f7f9fd">\r\n								<font color="#808080"><span style="font-size: 10pt; font-family: 宋体">188元</span></font></td>\r\n						</tr>\r\n						<tr>\r\n							<td align="middle" bgcolor="#f7f9fd">\r\n								<font color="#808080"><span style="font-size: 10pt; font-family: 宋体">矿物盐泡浴全身去角质</span></font></td>\r\n							<td align="left" bgcolor="#f7f9fd">\r\n								<font color="#808080"><span style="font-size: 10pt; font-family: 宋体">消炎灭菌，令肌肤健康光滑</span></font></td>\r\n							<td align="center" bgcolor="#f7f9fd">\r\n								<font color="#808080"><span style="font-size: 10pt; font-family: 宋体">188元</span></font></td>\r\n						</tr>\r\n					</tbody>\r\n				</table>\r\n				<p>\r\n					&nbsp;</p>\r\n			</td>\r\n		</tr>\r\n		<tr>\r\n			<td height="410" valign="top">\r\n				　\r\n				<table bgcolor="D8D8D8" border="0" cellpadding="3" cellspacing="1" id="table24" width="82%">\r\n					<tbody>\r\n						<tr>\r\n							<td bgcolor="#FFFFFF" valign="top">\r\n								<p align="center">\r\n									<img height="237" src="/inc/pics/spa03.jpg" width="300" /></p>\r\n							</td>\r\n						</tr>\r\n					</tbody>\r\n				</table>\r\n				<img height="24" src="/inc/pics/img_res_timechi.gif" width="88" /><br />\r\n				上午12：00至下午24：00</td>\r\n		</tr>\r\n\r\n	</tbody>\r\n</table>\r\n', 12);
INSERT INTO `pageset` VALUES (12, 1, '关于我们－留言板', '', '留言板－新沙珑国际宾馆', '', '', '', 6);
INSERT INTO `pageset` VALUES (13, 0, '日文－关于我们－酒店介绍', '', '酒店介绍－新沙珑国际宾馆', '', '', '<img border="0" height="23" src="/inc/pics/about_imgjp_01.gif" width="407" /><br />\r\n<br />\r\n上海新沙瓏国際ホテルは松江新城区内に位置しています。地下鉄9号線の松江大学城駅に隣接し、松江区での最初の外資ビジネスホテルです。当ホテルは106の客室、レストラン（中国料理レストラン、日本式西洋料理レストラン、鉄板焼きを含む）バー、会議ホール、宴会ホール、ビジネスセンター、マッサージセンターなどを設けております。地理位置の優位、完備な施設、係員のサービス、最新鋭の管理によって、上海新沙瓏国際ホテルを創設いたしました。<br />\r\n<br />\r\n当ホテルの全従業員はすべてのお客さまに満足していただけるよう、おもてなしの心を持ち、丁寧で行き届いたサービスをご提供いたします。<br />\r\n<br />\r\n<br />\r\n<span style="color:#008000">新沙瓏国際ホテル(中日合弁)<br />\r\n住所： 上海市松江区梅家浜路1501号<br />\r\nTel: 86-21-3777-3939&nbsp; Fax:86-21-3777-3535<br />\r\nE-mail: <a href="mailto:services@newchalon.com"> services@newchalon.com</a> </span><br />', 13);
INSERT INTO `pageset` VALUES (16, 0, '日文－关于我们－周边导游', '', '周边导游－新沙珑国际宾馆', '', '', '<table border="0" cellpadding="0" cellspacing="0" height="125" id="table69" width="691">\r\n	<tbody>\r\n		<tr>\r\n			<td valign="top" width="236">\r\n				<table align="center" border="0" bordercolor="DDDDDD" cellpadding="2" cellspacing="1" height="167" id="table71" width="200">\r\n					<tbody>\r\n						<tr>\r\n							<td>\r\n								<img border="0" height="161" src="/inc/pics/about_tour_01.jpg" width="194" /></td>\r\n						</tr>\r\n					</tbody>\r\n				</table>\r\n			</td>\r\n			<td width="455">\r\n				<table border="0" cellpadding="0" cellspacing="0" height="10" id="table72" width="245">\r\n					<tbody>\r\n						<tr>\r\n							<td>\r\n								<img height="6" src="/inc/pics/space.gif" width="1" /></td>\r\n						</tr>\r\n					</tbody>\r\n				</table>\r\n				<img border="0" height="28" src="/inc/pics/about_tourjp_01.gif" width="135" /><br />\r\n				<a href="http://sheshan.songjiang.gov.cn/" target="_blank">http://sheshan.songjiang.gov.cn/</a>\r\n				<table border="0" cellpadding="0" cellspacing="0" id="table73" width="100%">\r\n					<tbody>\r\n						<tr>\r\n							<td>\r\n								上海方塔園は松江旧市街区域の東部に位置し、上海の人文歴史文化を集大成する経典庭園です。1978年に創建され、1982年に正式に一般開放されました。全園の面積は約12万平方メートルです。1999年に世界の建築士大会の優秀設計展示会で方塔園は50もの優秀な設計作品中で園林設計賞を獲得しました。池を掘り、山を造り、湖水が波打ち、竹林が一面に広がり、古い木が真っ直ぐにそびえ園内は壮大な景色が広がっています。<br />\r\n								公園の元住所は唐、宋時期に古上海（華亭県）の繁華街の中心地で、北宋時期（西暦紀元1068年～1094年）に江南で著名な興聖教寺塔を建築しました。明朝時代に至って城隍廟、関羽廟などの大規模の寺院がここで建築されました。明清時代に、興聖教寺塔の北側に当時松江の古い都市内に最も賑やかな大通り「3公街」があり、街側にそれぞれ古上海歴史上の3人の有名人を祭っている三つの祠堂があることから、「3公街」と命名されたとのことです。この3人の有名人は「明代の有名書画家の董其昌、明末の抗清の勇敢将領の李待問、清代の有名書家の沈荃」です。<br />\r\n								歴史変遷に従って、これらの古上海の歴史人文遺跡をしっかりと保護するために、上海市園林局は1978年に上海同済大学の有名な園林専門家の馮紀忠教授を招き、我が国の伝統庭園の風格を受け継いで、国外の庭園特徴を取り入れる上で方塔園を設計、建築しました。</td>\r\n						</tr>\r\n					</tbody>\r\n				</table>\r\n			</td>\r\n		</tr>\r\n	</tbody>\r\n</table>\r\n<table border="0" cellpadding="0" cellspacing="0" height="9" id="table74" width="690">\r\n	<tbody>\r\n		<tr>\r\n			<td>\r\n				<img height="9" src="/inc/pics/about_tour_02.gif" width="690" /></td>\r\n		</tr>\r\n	</tbody>\r\n</table>\r\n<table border="0" cellpadding="0" cellspacing="0" id="table75" width="690">\r\n	<tbody>\r\n		<tr>\r\n			<td valign="top">\r\n				<table border="0" cellpadding="0" cellspacing="0" height="10" id="table76" width="235">\r\n					<tbody>\r\n						<tr>\r\n							<td>\r\n								<img height="6" src="/inc/pics/space.gif" width="1" /></td>\r\n						</tr>\r\n					</tbody>\r\n				</table>\r\n				<table align="center" border="0" bordercolor="DDDDDD" cellpadding="2" cellspacing="1" height="167" id="table77" width="200">\r\n					<tbody>\r\n						<tr>\r\n							<td>\r\n								<img border="0" height="161" src="/inc/pics/about_tour_05.jpg" width="194" /></td>\r\n						</tr>\r\n					</tbody>\r\n				</table>\r\n			</td>\r\n			<td>\r\n				<table border="0" cellpadding="0" cellspacing="0" height="10" id="table78" width="245">\r\n					<tbody>\r\n						<tr>\r\n							<td>\r\n								<img height="6" src="/inc/pics/space.gif" width="1" /></td>\r\n						</tr>\r\n					</tbody>\r\n				</table>\r\n				&nbsp;<img height="28" src="/inc/pics/about_tourjp_05.gif" width="135" /><br />\r\n				<a href="http://www.sjtravel.org/fangta/index.html" target="_blank">http://www.sjtravel.org/fangta/index.html</a>\r\n				<table border="0" cellpadding="0" cellspacing="0" id="table79" width="100%">\r\n					<tbody>\r\n						<tr>\r\n							<td>\r\n								上海方塔園は松江旧市街区域の東部に位置し、上海の人文歴史文化を集大成する経典庭園です。1978年に創建され、1982年に正式に一般開放されました。全園の面積は約12万平方メートルです。1999年に世界の建築士大会の優秀設計展示会で方塔園は50もの優秀な設計作品中で園林設計賞を獲得しました。池を掘り、山を造り、湖水が波打ち、竹林が一面に広がり、古い木が真っ直ぐにそびえ園内は壮大な景色が広がっています。<br />\r\n								公園の元住所は唐、宋時期に古上海（華亭県）の繁華街の中心地で、北宋時期（西暦紀元1068年～1094年）に江南で著名な興聖教寺塔を建築しました。明朝時代に至って城隍廟、関羽廟などの大規模の寺院がここで建築されました。明清時代に、興聖教寺塔の北側に当時松江の古い都市内に最も賑やかな大通り「3公街」があり、街側にそれぞれ古上海歴史上の3人の有名人を祭っている三つの祠堂があることから、「3公街」と命名されたとのことです。この3人の有名人は「明代の有名書画家の董其昌、明末の抗清の勇敢将領の李待問、清代の有名書家の沈荃」です。<br />\r\n								歴史変遷に従って、これらの古上海の歴史人文遺跡をしっかりと保護するために、上海市園林局は1978年に上海同済大学の有名な園林専門家の馮紀忠教授を招き、我が国の伝統庭園の風格を受け継いで、国外の庭園特徴を取り入れる上で方塔園を設計、建築しました。</td>\r\n						</tr>\r\n					</tbody>\r\n				</table>\r\n			</td>\r\n		</tr>\r\n	</tbody>\r\n</table>\r\n<table border="0" cellpadding="0" cellspacing="0" height="9" id="table80" width="690">\r\n	<tbody>\r\n		<tr>\r\n			<td>\r\n				<img height="9" src="/inc/pics/about_tour_02.gif" width="690" /></td>\r\n		</tr>\r\n	</tbody>\r\n</table>\r\n<table border="0" cellpadding="0" cellspacing="0" id="table81" width="690">\r\n	<tbody>\r\n		<tr>\r\n			<td valign="top">\r\n				<table border="0" cellpadding="0" cellspacing="0" height="10" id="table82" width="235">\r\n					<tbody>\r\n						<tr>\r\n							<td>\r\n								<img height="6" src="/inc/pics/space.gif" width="1" /></td>\r\n						</tr>\r\n					</tbody>\r\n				</table>\r\n				<table align="center" border="0" bordercolor="DDDDDD" cellpadding="2" cellspacing="1" height="167" id="table83" width="200">\r\n					<tbody>\r\n						<tr>\r\n							<td>\r\n								<img border="0" height="161" src="/inc/pics/about_tour_04.gif" width="194" /></td>\r\n						</tr>\r\n					</tbody>\r\n				</table>\r\n			</td>\r\n			<td>\r\n				<table border="0" cellpadding="0" cellspacing="0" height="10" id="table84" width="245">\r\n					<tbody>\r\n						<tr>\r\n							<td>\r\n								<img height="6" src="/inc/pics/space.gif" width="1" /></td>\r\n						</tr>\r\n					</tbody>\r\n				</table>\r\n				<img border="0" height="28" src="/inc/pics/about_tourjp_zb.gif" width="135" /><br />\r\n				<a href="http://www.17u.net/scenic_spot/piao-10527.html" target="_blank">http://www.17u.net/scenic_spot/piao-10527.html </a>\r\n				<table border="0" cellpadding="0" cellspacing="0" id="table85" width="100%">\r\n					<tbody>\r\n						<tr>\r\n							<td>\r\n								上海の酔白池公園は人民南路に位置します。公園は1644年に創建され、明代画家の董其昌が酒を飲みながら、詩をつくるために造った庭園です。常に有名人・学者達が訪れる庭園でもあります。順治7年(1650年)に画家の顧大申が再建造して、白居易を崇拝するために宋代の韓琦の方法を模倣し、その庭園を酔白池に改名しました。公園の面積は約5万平方メートルで、上海で有名な五大古典庭園の1つです。<br />\r\n								酔白池は300年余りの歴史を持ち、今でも依然として本堂、軒、東屋、高殿などの古い建築物や船などを保存しており、明清時代の江南庭園の風貌を維持しています。庭園の配置は池を中心として、池を囲む3つのエリアは全て廊下、東屋、高殿が建てられており、天候に関係なく、景色を観賞することができます。酔白池の名称は蘇軾の「酔白堂記」から採りました、顧大申は絵画、詩文に優れていて、白居易の楽しみを敬い、「酔白」を池、園の名にすることにします。<br />\r\n								酔白池の池、沼の面積は約600平方メートルあり、不規則的に石を積み重ね、独特の風格があります。酔白池内に老樹軒、池上草堂やオシドリ亭などの景勝地、宋代、明代以来の有名人の碑碣、石刻があります。池の南側の廊下の壁に「雲間邦彦図」という石刻、雕刻、明代清代の松江府の各県郷の賢い名士の百数人の彫刻の肖像画があります。<br />\r\n								幾度もの修繕、拡張した後で、園内に四面庁、楽天軒、疑肪、雪海堂、宝成楼、池上草堂などの東屋、楼閣及び邦彦肖像画石刻、歴史芸術の碑の廊下、「赤壁賦」の真筆、石刻などの芸術の貴重な文化財が保存してあります。また樹齢が3、4百年である古銀杏、古樟樹と樹齢が百年以上になった牡丹があります。</td>\r\n						</tr>\r\n					</tbody>\r\n				</table>\r\n			</td>\r\n		</tr>\r\n	</tbody>\r\n</table>\r\n<table border="0" cellpadding="0" cellspacing="0" height="9" id="table86" width="690">\r\n	<tbody>\r\n		<tr>\r\n			<td>\r\n				<img height="9" src="/inc/pics/about_tour_02.gif" width="690" /></td>\r\n		</tr>\r\n	</tbody>\r\n</table>\r\n<table border="0" cellpadding="0" cellspacing="0" id="table87" width="690">\r\n	<tbody>\r\n		<tr>\r\n			<td valign="top">\r\n				<table border="0" cellpadding="0" cellspacing="0" height="10" id="table88" width="235">\r\n					<tbody>\r\n						<tr>\r\n							<td>\r\n								<img height="6" src="/inc/pics/space.gif" width="1" /></td>\r\n						</tr>\r\n					</tbody>\r\n				</table>\r\n				<table align="center" border="0" bordercolor="DDDDDD" cellpadding="2" cellspacing="1" height="167" id="table89" width="200">\r\n					<tbody>\r\n						<tr>\r\n							<td>\r\n								<img border="0" height="161" src="/inc/pics/about_tour_08.gif" width="194" /></td>\r\n						</tr>\r\n					</tbody>\r\n				</table>\r\n			</td>\r\n			<td>\r\n				<table border="0" cellpadding="0" cellspacing="0" height="10" id="table90" width="245">\r\n					<tbody>\r\n						<tr>\r\n							<td>\r\n								<img height="6" src="/inc/pics/space.gif" width="1" /></td>\r\n						</tr>\r\n					</tbody>\r\n				</table>\r\n				<img border="0" height="28" src="/inc/pics/about_tourjp_towen.gif" width="135" /><br />\r\n				<a href="http://www.thamestown.com/default1.asp" target="_blank">http://www.thamestown.com/default1.asp </a>\r\n				<table border="0" cellpadding="0" cellspacing="0" id="table91" width="100%">\r\n					<tbody>\r\n						<tr>\r\n							<td>\r\n								テムズタウンは松江新市街の西部に位置し、松江新市街の全体の風格を体現するシンボル区域です。この区域は約1平方キロメートルもの場所を占め、東側は新市街の最大の人工湖です。緑が多く湖の水は澄んでいて、本格的なイギリス田舎の建築風格を体現しています。<br />\r\n								テムズタウンの設計風格はイギリステムズ川辺の町の風情と住宅の特徴を導入し、人と自然の協調を追求し、松江新市街の濃厚な現代化、国際性、生態型及び旅行文化の雰囲気を体現しています。その中に、1本の通りと湖畔にあるイギリス風の広場は繋がっており、住民と遊覧客が集会、出演、レジャー、交流を行うことができる場所です。グラデーション豊かで、人目を引き、街は生活の情調と喜びが満ち溢れています。</td>\r\n						</tr>\r\n					</tbody>\r\n				</table>\r\n			</td>\r\n		</tr>\r\n	</tbody>\r\n</table>\r\n<table border="0" cellpadding="0" cellspacing="0" height="9" id="table92" width="690">\r\n	<tbody>\r\n		<tr>\r\n			<td>\r\n				<img height="9" src="/inc/pics/about_tour_02.gif" width="690" />\r\n				<table border="0" cellpadding="0" cellspacing="0" id="table93" width="690">\r\n					<tbody>\r\n						<tr>\r\n							<td valign="top">\r\n								<table border="0" cellpadding="0" cellspacing="0" height="10" id="table94" width="235">\r\n									<tbody>\r\n										<tr>\r\n											<td>\r\n												<img height="6" src="/inc/pics/space.gif" width="1" /></td>\r\n										</tr>\r\n									</tbody>\r\n								</table>\r\n								<table align="center" border="0" bordercolor="DDDDDD" cellpadding="2" cellspacing="1" height="167" id="table95" width="200">\r\n									<tbody>\r\n										<tr>\r\n											<td>\r\n												<img border="0" height="161" src="/inc/pics/about_tour_uni.gif" width="194" /></td>\r\n										</tr>\r\n									</tbody>\r\n								</table>\r\n							</td>\r\n							<td>\r\n								<table border="0" cellpadding="0" cellspacing="0" height="10" id="table96" width="245">\r\n									<tbody>\r\n										<tr>\r\n											<td>\r\n												<img height="6" src="/inc/pics/space.gif" width="1" /></td>\r\n										</tr>\r\n									</tbody>\r\n								</table>\r\n								&nbsp;<img height="28" src="/inc/pics/about_tourjp_06.gif" width="135" /><br />\r\n								<a href="http://www.sjdxcw.com/" target="_blank">http://www.sjdxcw.com </a>\r\n								<table border="0" cellpadding="0" cellspacing="0" id="table97" width="100%">\r\n									<tbody>\r\n										<tr>\r\n											<td>\r\n												松江大学城は松江新城区北西部に位置し、北は佘山国家リゾート区に隣接し、南は上海歴史文化都市―松江に隣接し、面積は約5.3平方キロメートルです。<br />\r\n												松江大学城には上海外国語大学、東華大学、華東政法学院、上海対外貿易学院、上海工程技術大学、上海立信会計学院と復旦大学の視覚芸術学院などの7つの大学があります。<br />\r\n												大学城の周囲には幅50メートルの森林帯があり舟を漕ぐように、人工川を掘りました。各学校の建築風格は一様でなく、上海外国語大学について言えば、英語、日本語、スペイン語、ドイツ語などの専攻の学生はそれぞれ相応な建物で勉学に励んでいます。スポーツセンターの規模は国内一で、世界で二番目の大きさを誇ります。4万平方メートル余りのスポーツセンターにはスタジアム、屋内プール、展示ホールなどの各類の施設を擁して、各類の大規模な大会を催すことができます。<br />\r\n												学区と生活地区との間に、中国の大学で最も長い2.5キロメートルの学生歩行街－「中華学生第1街」があります。「歩行街」の両側には風格の異なる建物が並び、レストラン、劇場、商店、郵便局、本屋などが立ち並んでいます。</td>\r\n										</tr>\r\n									</tbody>\r\n								</table>\r\n							</td>\r\n						</tr>\r\n					</tbody>\r\n				</table>\r\n				<table border="0" cellpadding="0" cellspacing="0" height="9" id="table98" width="690">\r\n					<tbody>\r\n						<tr>\r\n							<td>\r\n								<img height="9" src="/inc/pics/about_tour_02.gif" width="690" /></td>\r\n						</tr>\r\n					</tbody>\r\n				</table>\r\n				<table border="0" cellpadding="0" cellspacing="0" id="table99" width="690">\r\n					<tbody>\r\n						<tr>\r\n							<td valign="top">\r\n								<table border="0" cellpadding="0" cellspacing="0" height="10" id="table100" width="235">\r\n									<tbody>\r\n										<tr>\r\n											<td>\r\n												<img height="6" src="/inc/pics/space.gif" width="1" /></td>\r\n										</tr>\r\n									</tbody>\r\n								</table>\r\n								<table align="center" border="0" bordercolor="DDDDDD" cellpadding="2" cellspacing="1" height="167" id="table101" width="200">\r\n									<tbody>\r\n										<tr>\r\n											<td>\r\n												<img border="0" height="161" src="/inc/pics/about_tour_film.gif" width="194" /></td>\r\n										</tr>\r\n									</tbody>\r\n								</table>\r\n							</td>\r\n							<td>\r\n								<table border="0" cellpadding="0" cellspacing="0" height="10" id="table102" width="245">\r\n									<tbody>\r\n										<tr>\r\n											<td>\r\n												<img height="6" src="/inc/pics/space.gif" width="1" /></td>\r\n										</tr>\r\n									</tbody>\r\n								</table>\r\n								<img border="0" height="28" src="/inc/pics/about_tourjp_film.gif" width="135" /><br />\r\n								<a href="http://www.sfs-cn.com/images/hsdy/filmpark/index.htm" target="_blank">http://www.sfscn.com/images/hsdy/filmpark/index.htm </a>\r\n								<table border="0" cellpadding="0" cellspacing="0" id="table103" width="100%">\r\n									<tbody>\r\n										<tr>\r\n											<td>\r\n												上海影視楽園は1999年10月に松江区に創立され、主に古い上海の十里洋場、車馬の往来が盛んな南京路、古い上海の民家や石庫門路地、欧風の高級別荘、スペイン風、ノルウェー風などの高級別荘を集めた「庭」、蘇州河埠頭と港区、古い上海閘北区、古い街町などのいくつかの名所が建てられ、2000年1月1日に正式に開放し、古い上海の古典風情を満たし、特色を持った旅行観光地です。映画とテレビ番組の撮影、観光、文化伝播を一体にするテーマ楽園です。</td>\r\n										</tr>\r\n									</tbody>\r\n								</table>\r\n							</td>\r\n						</tr>\r\n					</tbody>\r\n				</table>\r\n			</td>\r\n		</tr>\r\n	</tbody>\r\n</table>\r\n<br />\r\n', 16);
INSERT INTO `pageset` VALUES (17, 0, '日文－关于我们－招聘信息', '', '招聘信息－新沙珑国际宾馆', '', '', '<div>\r\n	&nbsp;上海新シャロン国際ホテルは松江区での最初の外資ビジネスホテルです。当ホテルは地理位置の優位、完備な施設、係員のサービス、最新鋭の管理によって、2008年6月以来，松江区の一番レセブション、ビジネス活動センターになりました。発展により、以下の募集をします：</div>\r\n<div>\r\n	&nbsp;</div>\r\n<div>\r\n	<strong>営業担当 :</strong></div>\r\n<div>\r\n	&nbsp;</div>\r\n<div>\r\n	1.明るい性格，会話能力强い；2.2年以上ホテルセールス、顧客サービスの経験3.積極忠誠、責任感強い</div>\r\n<div>\r\n	&nbsp;</div>\r\n<div>\r\n	<strong>備蓄幹部 :</strong></div>\r\n<div>\r\n	&nbsp;</div>\r\n<div>\r\n	1.有大专及び以上；2.親切でサービス業が好き；3.新卒業生歓迎。</div>\r\n<div>\r\n	&nbsp;</div>\r\n<div>\r\n	<strong>フロント接待 :</strong></div>\r\n<div>\r\n	&nbsp;</div>\r\n<div>\r\n	1.清潔感,明るい性格；2.一年以上関係経験；3.日本語か英語が流暢な方</div>\r\n<div>\r\n	&nbsp;</div>\r\n<div>\r\n	<strong>荷物運搬手:</strong></div>\r\n<div>\r\n	&nbsp;</div>\r\n<div>\r\n	1.20--28歳、身長170cm以上；2.日本語か英語が流暢な方</div>\r\n<div>\r\n	&nbsp;</div>\r\n<div>\r\n	<strong>客室服務員 :</strong></div>\r\n<div>\r\n	&nbsp;</div>\r\n<div>\r\n	1.サービス意识强い、中国語標準；</div>\r\n<div>\r\n	&nbsp;</div>\r\n<div>\r\n	<strong>公共区域清扫员 :</strong></div>\r\n<div>\r\n	&nbsp;</div>\r\n<div>\r\n	1.45岁以下；2.勤勉で、組織に十分に服従する</div>\r\n<div>\r\n	&nbsp;</div>\r\n<div>\r\n	<strong>SPA店長:</strong></div>\r\n<div>\r\n	&nbsp;</div>\r\n<div>\r\n	1.三年以上SPA店長経験；2.新しい市場開拓力、消費導く力強い； 3.積極忠誠、責任感強い</div>\r\n<div>\r\n	&nbsp;</div>\r\n<div>\r\n	<strong>SPA技師:</strong></div>\r\n<div>\r\n	&nbsp;</div>\r\n<div>\r\n	1.一年以上関係経験；2.品貌端正,性格开朗； 3.親切でサービス業好き</div>\r\n<div>\r\n	&nbsp;</div>\r\n<div>\r\n	<strong>餐厅店長:</strong></div>\r\n<div>\r\n	&nbsp;</div>\r\n<div>\r\n	1.两年以上レストラン管理経験；2.日本語の会話が上手；3.真面目で責任感も強い。</div>\r\n<div>\r\n	&nbsp;</div>\r\n<div>\r\n	<strong>餐厅収銀:</strong></div>\r\n<div>\r\n	&nbsp;</div>\r\n<div>\r\n	1.清潔感,明るい性格； 2.1年以上餐厅收银経験。</div>\r\n<div>\r\n	&nbsp;</div>\r\n<div>\r\n	<strong>餐厅班長:</strong></div>\r\n<div>\r\n	&nbsp;</div>\r\n<div>\r\n	1.1年以上餐厅班長経験； 2.サービス業が好き,意識強い；3.責任感が強い</div>\r\n<div>\r\n	&nbsp;</div>\r\n<div>\r\n	<strong>餐厅服務員:</strong></div>\r\n<div>\r\n	&nbsp;</div>\r\n<div>\r\n	1.清潔感,明るい性格； 2.サービス業が好き,意識強い；3.経験がある方優先</div>\r\n<div>\r\n	&nbsp;</div>\r\n<div>\r\n	<strong>餐厅迎係:</strong></div>\r\n<div>\r\n	&nbsp;</div>\r\n<div>\r\n	1.清潔感,身長160cm以上； 2.サービス業が好き,意識強い；3.経験がある方優先</div>\r\n<div>\r\n	&nbsp;</div>\r\n<div>\r\n	<strong>工程:</strong></div>\r\n<div>\r\n	&nbsp;</div>\r\n<div>\r\n	1.30岁以上；2.两年以上ホテルの工程管理経験；3.電工証明書を持っている方。</div>\r\n<div>\r\n	&nbsp;</div>\r\n<div>\r\n	<strong>夜間経理:</strong></div>\r\n<div>\r\n	&nbsp;</div>\r\n<div>\r\n	要求：1．一年以上の経験がある方 2.忠誠で、責任感が強い方　　3．日本語か英語の会話できる</div>\r\n<div>\r\n	&nbsp;</div>\r\n<div>\r\n	&nbsp;</div>\r\n<div>\r\n	&nbsp;</div>\r\n<div>\r\n	同社は、個人の強みにより専門性の良好な環境を構成、上昇の広いスペースを提供する&nbsp;</div>\r\n<div>\r\n	&nbsp;</div>\r\n<div>\r\n	福利及び待遇：</div>\r\n<div>\r\n	1.一週間に2日休み、一日8時間出勤</div>\r\n<div>\r\n	2.無料で食事を提供する</div>\r\n<div>\r\n	3.寮が付き [注：滞在しない方月額利用費130元]</div>\r\n<div>\r\n	4.専門性の良好な環境を構成、上昇の広いスペースを提供する</div>\r\n<div>\r\n	&nbsp;</div>\r\n<div>\r\n	面接方法：1、個人履歴書をEーメールのnewchalon@163.com に送る</div>\r\n<div>\r\n	&nbsp;</div>\r\n<div>\r\n	2、月曜日－－金曜日の午後13:00-18:00（身分証明書と写真一枚） &nbsp;&nbsp;</div>\r\n<div>\r\n	&nbsp;</div>\r\n<div>\r\n	3、ファクス：37773442 &nbsp; &nbsp; &nbsp;</div>\r\n<div>\r\n	&nbsp;</div>\r\n<div>\r\n	4、杨さん：37773939-5015</div>\r\n<div>\r\n	&nbsp;</div>\r\n<div>\r\n	面接場所：松江区梅家浜路1501号6楼人事部</div>\r\n<div>\r\n	&nbsp;</div>\r\n<div>\r\n	会社ホームページ：www.newchalon.com</div>\r\n', 17);
INSERT INTO `pageset` VALUES (14, 0, '日文－关于我们－优惠活动', '', '优惠活动－新沙珑国际宾馆', '', '', '<img alt="" src="/inc/pics/tbs.gif" /><br />\r\n<img alt="" src="/inc/pics/nj3.gif" style="height: 915px; width: 650px;" /><br />\r\n', 14);
INSERT INTO `pageset` VALUES (15, 0, '日文－关于我们－位置地图', '', '位置地图－新沙珑国际宾馆', '', '', '<div>\r\n	<strong>浦東空港から国際賓館へ</strong></div>\r\n<div>\r\n	1、浦東国際空港から：A30高速 &rarr;A5高速&rarr; A8高速&rarr; 右へ回り、嘉松道路へ(約1時間)</div>\r\n<div>\r\n	2、リニアモーターカー＋地下鉄からのアクセス</div>\r\n<div>\r\n	リニアモーターカー：浦東国際空港&rarr;「龙阳路駅」下車 地下鉄：地下鉄2号線（龙阳路駅～中山公園駅）&rarr;地下鉄3号線（中山公園駅～宜山路駅）&rarr;地下鉄9号線（宜山路駅～松江大学城駅）下車(約2時間30分) なお「宜山路駅」から「桂林路駅」まで無料シャトルバスをご利用いただけます、改札を出ることなくシャトルバスにご乗車下さい</div>\r\n<div>\r\n	&nbsp;</div>\r\n<div>\r\n	<strong>虹橋空港から国際賓館へ</strong></div>\r\n<div>\r\n	1、虹橋空港から：延安高架&rarr; A9道路&rarr; 嘉松道路を南へ進みます（約30分 ）</div>\r\n<div>\r\n	&nbsp;</div>\r\n<div>\r\n	<strong>交通機関</strong></div>\r\n<div>\r\n	地下鉄</div>\r\n<div>\r\n	9号線「松江大学城駅」より徒歩5分</div>\r\n<div>\r\n	バス</div>\r\n<div>\r\n	松江地区3路、5路、18路、梅家浜路駅</div>\r\n<div>\r\n	　</div>\r\n<div>\r\n	<strong>お車をご利用の場合</strong></div>\r\n<div>\r\n	1、南浦大橋より内環中山南路を経由し、莘荘までA8高速（約45分）</div>\r\n<div>\r\n	2、閔行莘荘よりA8高速淞江新城出口&rarr; 梅家浜路を左折（約25分）</div>\r\n<div>\r\n	3、由佘山：嘉松公路驱车往南行驶（约10分钟）</div>\r\n<div>\r\n	4、松江工業区域より約15分</div>\r\n', 15);
INSERT INTO `pageset` VALUES (18, 0, '日文－客房信息－客房简介', '', '客房简介－新沙珑国际宾馆', '', '', '<table align="center" border="0" cellpadding="0" cellspacing="0" id="table29" width="690">\r\n	<tbody>\r\n		<tr>\r\n			<td bgcolor="#FFFFFF">\r\n				<table border="0" cellpadding="0" cellspacing="0" class="TD1" id="table30" width="690">\r\n					<tbody>\r\n						<tr>\r\n							<td valign="top" width="330">\r\n								<table bgcolor="D8D8D8" border="0" cellpadding="3" cellspacing="1" id="table31" width="82%">\r\n									<tbody>\r\n										<tr>\r\n											<td bgcolor="#FFFFFF" valign="top">\r\n												<img border="0" height="209" src="/inc/pics/singroom2.jpg" width="300" /></td>\r\n										</tr>\r\n									</tbody>\r\n								</table>\r\n								<table border="0" cellpadding="0" cellspacing="0" id="table32" width="308">\r\n									<tbody>\r\n										<tr>\r\n											<td>\r\n												<img height="4" src="/inc/pics/space.gif" width="4" /><img height="4" src="/inc/pics/space.gif" width="4" /><img height="4" src="/inc/pics/space.gif" width="4" /></td>\r\n										</tr>\r\n										<tr>\r\n											<td>\r\n												<div align="right">\r\n													<img border="0" src="/inc/pics/btn_bottom_zoom.gif" /></div>\r\n											</td>\r\n										</tr>\r\n										<tr>\r\n											<td>\r\n												<img height="3" src="/inc/pics/space.gif" width="1" /></td>\r\n										</tr>\r\n									</tbody>\r\n								</table>\r\n							</td>\r\n							<td valign="top" width="360">\r\n								<img border="0" height="40" src="/inc/pics/room_jp_double_a.gif" width="331" /><br />\r\n								<font face="宋体" size="2">当ホテルではビジネスシングルルーム、ツインルーム、エグゼクティブダブルルーム、セミスイートなど106の客室を設けており、すべての客室は国際ホテルの標準に準じ設計されております。お客様の旅行を快適に過ごしていただくよう下記の設備を備えております</font><span lang="ZH-CN" style="font-size:10.0pt;\r\nmso-bidi-font-size:12.0pt;font-family:SimSun;mso-ascii-font-family:바탕;\r\nmso-hansi-font-family:&quot;Times New Roman&quot;;mso-bidi-font-family:&quot;Times New Roman&quot;;\r\nmso-font-kerning:1.0pt;mso-ansi-language:EN-US;mso-fareast-language:ZH-CN;\r\nmso-bidi-language:AR-SA">。</span>\r\n								<p>\r\n									&nbsp;</p>\r\n							</td>\r\n						</tr>\r\n					</tbody>\r\n				</table>\r\n				<table border="0" cellpadding="0" cellspacing="0" id="table33" width="690">\r\n					<tbody>\r\n						<tr>\r\n							<td>\r\n								<img height="7" src="/inc/pics/about_img_02.gif" width="690" /></td>\r\n						</tr>\r\n					</tbody>\r\n				</table>\r\n				<table border="0" cellpadding="0" cellspacing="0" id="table34" width="690">\r\n					<tbody>\r\n						<tr>\r\n							<td valign="top" width="305">\r\n								<table border="0" cellpadding="0" cellspacing="0" id="table43" width="99%">\r\n									<tbody>\r\n										<tr>\r\n											<td>\r\n												<img height="28" src="/inc/pics/room_imgjp_03.gif" width="135" /></td>\r\n										</tr>\r\n										<tr>\r\n											<td>\r\n												<table border="0" cellpadding="0" cellspacing="0" id="table44" width="100%">\r\n													<tbody>\r\n														<tr>\r\n															<td width="20">\r\n																　</td>\r\n															<td class="TD1">\r\n																&bull;電子ドアキー<br />\r\n																&bull;全自動消防モニターシステム<br />\r\n																&bull;セントラルエアコンシステム<br />\r\n																&bull;全室ブロードバンド完備<br />\r\n																&bull;衛星放送<br />\r\n																&bull;ミニバー<br />\r\n																&bull;個人金庫<br />\r\n																&bull;ランドリーサービス<br />\r\n																&bull;入浴剤<br />\r\n																&bull;お茶、ミネラルウォーターを無料でご提供します<br />\r\n																&bull;24時間の管理人サービス方式<br />\r\n																&bull;免费宽带接口</td>\r\n														</tr>\r\n													</tbody>\r\n												</table>\r\n											</td>\r\n										</tr>\r\n									</tbody>\r\n								</table>\r\n							</td>\r\n							<td background="/inc/pics/pixel.gif" width="1">\r\n								<img height="1" src="/inc/pics/space.gif" width="1" /></td>\r\n							<td valign="top" width="369">\r\n								<br />\r\n								<table border="0" cellpadding="0" cellspacing="0" class="TD1" id="table37" width="100%">\r\n									<tbody>\r\n										<tr>\r\n											<td height="71" valign="top">\r\n												<table border="0" cellpadding="0" cellspacing="0" class="TD1" id="table38" width="103%">\r\n													<tbody>\r\n														<tr>\r\n															<td valign="top" width="5%">\r\n																　</td>\r\n															<td valign="top" width="95%">\r\n																<table border="0" cellpadding="0" cellspacing="0" id="table39" width="100%">\r\n																	<tbody>\r\n																		<tr>\r\n																			<td width="65%">\r\n																				<img height="28" src="/inc/pics/room_imgjp_04.gif" width="135" /></td>\r\n																			<td valign="top" width="35%">\r\n																				&nbsp;</td>\r\n																		</tr>\r\n																	</tbody>\r\n																</table>\r\n																<table align="center" border="0" cellpadding="0" cellspacing="0" height="62" id="table40" width="320">\r\n																	<tbody>\r\n																		<tr>\r\n																			<td background="/inc/pics/room_imgjp_11.gif" bgcolor="F1F1F1" height="62" width="306">\r\n																				<table align="right" border="0" cellpadding="0" cellspacing="0" class="TD1" id="table41" width="25%">\r\n																					<tbody>\r\n																						<tr>\r\n																							<td height="25" width="91%">\r\n																								<font color="#000000"><strong>￥380</strong></font></td>\r\n																							<td height="25" width="91%">\r\n																								　</td>\r\n																							<td rowspan="2" width="9%">\r\n																								<div align="right">\r\n																									&nbsp;</div>\r\n																							</td>\r\n																						</tr>\r\n																						<tr>\r\n																							<td height="25">\r\n																								<font color="F06B1C"><strong>￥342</strong></font></td>\r\n																							<td height="25">\r\n																								　</td>\r\n																						</tr>\r\n																					</tbody>\r\n																				</table>\r\n																				<div align="right">\r\n																					&nbsp;</div>\r\n																			</td>\r\n																		</tr>\r\n																	</tbody>\r\n																</table>\r\n																<br />\r\n																<font face="MS Mincho">&nbsp;&nbsp;&nbsp; <img align="absmiddle" height="20" src="/inc/pics/room_pixel1.gif" width="8" />オンライン予約されますと特別価格をご提供いたします</font><span lang="ZH-CN" style="font-size:10.0pt;\r\nmso-bidi-font-size:12.0pt;font-family:MS Mincho;mso-ascii-font-family:바탕;\r\nmso-hansi-font-family:&quot;Times New Roman&quot;;mso-bidi-font-family:&quot;Times New Roman&quot;;\r\nmso-font-kerning:1.0pt;mso-ansi-language:EN-US;mso-fareast-language:ZH-CN;\r\nmso-bidi-language:AR-SA">。</span><br />\r\n																&nbsp;</td>\r\n														</tr>\r\n													</tbody>\r\n												</table>\r\n											</td>\r\n										</tr>\r\n										<tr>\r\n											<td>\r\n												<img height="5" src="/inc/pics/room_img_08.gif" width="369" /></td>\r\n										</tr>\r\n										<tr>\r\n											<td>\r\n												<table border="0" cellpadding="0" cellspacing="0" class="TD1" id="table42" width="101%">\r\n													<tbody>\r\n														<tr>\r\n															<td height="72" valign="top" width="5%">\r\n																　</td>\r\n															<td valign="top" width="74%">\r\n																<br />\r\n																<img height="28" src="/inc/pics/room_imgjp_06.gif" width="140" /><br />\r\n																&nbsp;&nbsp;&nbsp;&nbsp;&nbsp;<img height="3" src="/inc/pics/room_pixel1.gif" width="3" /><img align="absmiddle" height="20" src="/inc/pics/room_pixel1.gif" width="8" />Tel : (86)21-3777-3939<br />\r\n																&nbsp;&nbsp;&nbsp;&nbsp;&nbsp;<img height="3" src="/inc/pics/room_pixel1.gif" width="3" /><img align="absmiddle" height="20" src="/inc/pics/room_pixel1.gif" width="8" />Fax:<a href="mailto:info@newchalon.com"> </a>(86)21-3777-3535<br />\r\n																&nbsp;&nbsp;&nbsp;&nbsp;&nbsp;<img height="3" src="/inc/pics/room_pixel1.gif" width="3" /><img align="absmiddle" height="20" src="/inc/pics/room_pixel1.gif" width="8" />Mail :<a href="mailto:info@newchalon.com"> info@newchalon.com</a>&nbsp;<br />\r\n																&nbsp;</td>\r\n															<td valign="top" width="21%">\r\n																<br />\r\n																&nbsp;</td>\r\n														</tr>\r\n													</tbody>\r\n												</table>\r\n											</td>\r\n										</tr>\r\n									</tbody>\r\n								</table>\r\n							</td>\r\n						</tr>\r\n					</tbody>\r\n				</table>\r\n			</td>\r\n		</tr>\r\n		<tr>\r\n			<td>\r\n				<img height="7" src="/inc/pics/about_img_lineup.gif" width="690" /></td>\r\n		</tr>\r\n	</tbody>\r\n</table>\r\n\r\n\r\n\r\n\r\n\r\n\r\n<table width="100%" height="88%" border="0" align="center" cellpadding="20" cellspacing="2" bgcolor="#FFFFFF" class="TD1" id="table13">\r\n                                <tr> \r\n                                  <td valign="top" bgcolor="#FFFFFF" height="247">\r\n									<div align="left"> \r\n                                      <p>\r\n										<font face="MS Mincho" size="2">\r\n										新沙瓏国際ホテルは中日合弁経営で、快適で静かな環境をもった国際ホテルで、105の客室と和洋中のレストランを用意します。付属施設では各界層に対応する宴会ホール、丁寧なサービスを提供するマッサージセンター、ビジネスセンターなどを設けます。</font></p>\r\n										<p>\r\n										<img border="0" src="/inc/pics/room_jp_prices.gif" width="331" height="40"></p>\r\n										<table border="1" width="102%" id="table15" cellpadding="0" cellspacing="0" bordercolor="#D6DDCA">\r\n											<tr>\r\n												<td width="177" align="center" bgcolor="#000000" height="31">\r\n												<font color="#FFFFFF">\r\n												<span style="font-size: 10.0pt; mso-bidi-font-size: 12.0pt; font-family: SimSun; mso-ascii-font-family: &#48148;&#53461;; mso-hansi-font-family: Times New Roman; mso-bidi-font-family: Times New Roman; mso-font-kerning: 1.0pt; mso-ansi-language: EN-US; mso-fareast-language: ZH-CN; mso-bidi-language: AR-SA; font-weight: 700">\r\n												客室タイプ</span></font></td>\r\n												<td align="center" bgcolor="#000000" height="31">\r\n												<font color="#FFFFFF">\r\n												<span style="font-size: 10.0pt; mso-bidi-font-size: 12.0pt; font-family: SimSun; mso-ascii-font-family: &#48148;&#53461;; mso-hansi-font-family: Times New Roman; mso-bidi-font-family: Times New Roman; mso-font-kerning: 1.0pt; mso-ansi-language: EN-US; mso-fareast-language: ZH-CN; mso-bidi-language: AR-SA; font-weight: 700">\r\n												房间数（间）</span></font></td>\r\n												<td align="center" bgcolor="#000000" height="31" width="144">\r\n												<font color="#FFFFFF">\r\n												<span style="font-size: 10.0pt; mso-bidi-font-size: 12.0pt; font-family: SimSun; mso-ascii-font-family: &#48148;&#53461;; mso-hansi-font-family: Times New Roman; mso-bidi-font-family: Times New Roman; mso-font-kerning: 1.0pt; mso-ansi-language: EN-US; mso-fareast-language: ZH-CN; mso-bidi-language: AR-SA; font-weight: 700">\r\n												市場公開価格(RMB)</span></font></td>\r\n												<td align="center" width="155" bgcolor="#000000" height="31">\r\n												&nbsp;<font color="#FFFFFF"><span style="font-size: 10.0pt; mso-bidi-font-size: 12.0pt; font-family: SimSun; mso-ascii-font-family: &#48148;&#53461;; mso-hansi-font-family: Times New Roman; mso-bidi-font-family: Times New Roman; mso-font-kerning: 1.0pt; mso-ansi-language: EN-US; mso-fareast-language: ZH-CN; mso-bidi-language: AR-SA; font-weight: 700">コーポレート&#12539;レート(RMB/軒/泊)</span></font></td>\r\n											</tr>\r\n											<tr>\r\n												<td width="177" align="center">\r\n												<span style="font-family: SimSun; mso-bidi-language: AR-SA; mso-fareast-language: ZH-CN; mso-ansi-language: EN-US; mso-font-kerning: 1.0pt; mso-bidi-font-family: Times New Roman; mso-hansi-font-family: Times New Roman; mso-ascii-font-family: &#48148;&#53461;; mso-bidi-font-size: 12.0pt; font-size: 10.0pt">\r\n												ビジネス シングルルーム</span></td>\r\n												<td align="center">\r\n												　</td>\r\n												<td align="center" width="144">\r\n												<span style="font-size: 10.0pt; mso-bidi-font-size: 12.0pt; font-family: SimSun; mso-ascii-font-family: ??; mso-hansi-font-family: Times New Roman; mso-bidi-font-family: Times New Roman; mso-font-kerning: 1.0pt; mso-ansi-language: EN-US; mso-fareast-language: ZH-CN; mso-bidi-language: AR-SA">\r\n												420</span></td>\r\n												<td align="center" width="155">\r\n												340<span class="STYLE1"><font size="2">\r\n												</font></span></td>\r\n											</tr>\r\n											<tr>\r\n											  <td width="177" background="../chi//inc/pics/sub_bg.gif" align="center">\r\n												<span style="font-size: 10.0pt; mso-bidi-font-size: 12.0pt; font-family: SimSun; mso-ascii-font-family: &#48148;&#53461;; mso-hansi-font-family: Times New Roman; mso-bidi-font-family: Times New Roman; mso-font-kerning: 1.0pt; mso-ansi-language: EN-US; mso-fareast-language: ZH-CN; mso-bidi-language: AR-SA">\r\n												高级ダブルルーム</span></td>\r\n											  <td background="../chi//inc/pics/sub_bg.gif" align="center">\r\n												　</td>\r\n											  <td background="../chi//inc/pics/sub_bg.gif" align="center" width="144">\r\n												<span style="font-family: SimSun; mso-bidi-language: AR-SA; mso-fareast-language: ZH-CN; mso-ansi-language: EN-US; mso-font-kerning: 1.0pt; mso-bidi-font-family: Times New Roman; mso-hansi-font-family: Times New Roman; mso-ascii-font-family: ??; mso-bidi-font-size: 12.0pt; font-size: 10.0pt">\r\n												550</span></td>\r\n											  <td background="../chi//inc/pics/sub_bg.gif" align="center" width="155">\r\n												480</td>\r\n											</tr>\r\n											<tr>\r\n												<td width="177" align="center">\r\n												<span style="font-size: 10.0pt; mso-bidi-font-size: 12.0pt; font-family: SimSun; mso-ascii-font-family: &#48148;&#53461;; mso-hansi-font-family: Times New Roman; mso-bidi-font-family: Times New Roman; mso-font-kerning: 1.0pt; mso-ansi-language: EN-US; mso-fareast-language: ZH-CN; mso-bidi-language: AR-SA">\r\n												高級　ツインルーム </span></td>\r\n												<td align="center">\r\n												　</td>\r\n												<td align="center" width="144">\r\n												<span style="font-family: SimSun; mso-bidi-language: AR-SA; mso-fareast-language: ZH-CN; mso-ansi-language: EN-US; mso-font-kerning: 1.0pt; mso-bidi-font-family: Times New Roman; mso-hansi-font-family: Times New Roman; mso-ascii-font-family: ??; mso-bidi-font-size: 12.0pt; font-size: 10.0pt">\r\n												850</span></td>\r\n												<td align="center" width="155"> 600												<span class="STYLE1"><font size="2">\r\n												\r\n												</font></span></td>\r\n											</tr>\r\n									  </table>\r\n										<p>\r\n										<span style="font-size: 10.0pt; mso-bidi-font-size: 12.0pt; font-family: MS Mincho; mso-ascii-font-family: &#48148;&#53461;; mso-hansi-font-family: Times New Roman; mso-bidi-font-family: Times New Roman; mso-font-kerning: 1.0pt; mso-ansi-language: EN-US; mso-fareast-language: ZH-CN; mso-bidi-language: AR-SA">\r\n										※ </span>\r\n										<font size="2" face="MS Mincho">デイユース \r\n										2時間150元　超過料金1時間ごとに50元<br>\r\n										</font>\r\n										<span style="font-size: 10.0pt; mso-bidi-font-size: 12.0pt; font-family: MS Mincho; mso-ascii-font-family: &#48148;&#53461;; mso-hansi-font-family: Times New Roman; mso-bidi-font-family: Times New Roman; mso-font-kerning: 1.0pt; mso-ansi-language: EN-US; mso-fareast-language: ZH-CN; mso-bidi-language: AR-SA">\r\n										※ </span>\r\n										<font size="2" face="MS Mincho">\r\n										御一人様増料金100元。<br>\r\n										</font>\r\n										<span style="font-size: 10.0pt; mso-bidi-font-size: 12.0pt; font-family: MS Mincho; mso-ascii-font-family: &#48148;&#53461;; mso-hansi-font-family: Times New Roman; mso-bidi-font-family: Times New Roman; mso-font-kerning: 1.0pt; mso-ansi-language: EN-US; mso-fareast-language: ZH-CN; mso-bidi-language: AR-SA">\r\n										※ </span>\r\n										<font size="2" face="MS Mincho">\r\n										チェックイン：午後2時<br>\r\n										</font>\r\n										<span style="font-size: 10.0pt; mso-bidi-font-size: 12.0pt; font-family: MS Mincho; mso-ascii-font-family: &#48148;&#53461;; mso-hansi-font-family: Times New Roman; mso-bidi-font-family: Times New Roman; mso-font-kerning: 1.0pt; mso-ansi-language: EN-US; mso-fareast-language: ZH-CN; mso-bidi-language: AR-SA">\r\n										※ </span>\r\n										<font size="2" face="MS Mincho">\r\n										チェックアウト：正午12時<br>\r\n										</font>\r\n										<span style="font-size: 10.0pt; mso-bidi-font-size: 12.0pt; font-family: MS Mincho; mso-ascii-font-family: &#48148;&#53461;; mso-hansi-font-family: Times New Roman; mso-bidi-font-family: Times New Roman; mso-font-kerning: 1.0pt; mso-ansi-language: EN-US; mso-fareast-language: ZH-CN; mso-bidi-language: AR-SA">\r\n										※ </span>\r\n										<font size="2" face="MS Mincho">\r\n										料金等は事前に予告なく変更される場合がございます。</font></div>\r\n                                  </td>\r\n                                </tr>\r\n                              </table>\r\n', 19);
INSERT INTO `pageset` VALUES (19, 0, '日文－会议设施－会议室', '', '会议室－新沙珑国际宾馆', '', '', '<table align="center" border="0" cellpadding="0" cellspacing="0" id="table16" width="690">\r\n	<tbody>\r\n		<tr>\r\n			<td>\r\n				<table border="0" cellpadding="0" cellspacing="5" height="530" id="table17" width="690">\r\n					<tbody>\r\n						<tr>\r\n							<td height="530">\r\n								<table border="0" cellpadding="3" cellspacing="1" id="table22" width="82%">\r\n									<tbody>\r\n										<tr>\r\n											<td>\r\n												<img height="237" src="/inc/pics/banquet_img_a01.jpg" width="300" /></td>\r\n										</tr>\r\n									</tbody>\r\n								</table>\r\n								<table border="0" cellpadding="0" cellspacing="0" id="table23" width="308">\r\n									<tbody>\r\n										<tr>\r\n											<td>\r\n												<div align="left">\r\n													<a href="/inc/pics/banquet_img_b01.jpg" target="_blank"><img border="0" height="15" src="/inc/pics/btn_bottom_zoom.gif" width="53" /></a></div>\r\n											</td>\r\n											<td>\r\n												　</td>\r\n										</tr>\r\n									</tbody>\r\n								</table>\r\n								<table border="0" cellpadding="3" cellspacing="1" id="table24" width="82%">\r\n									<tbody>\r\n										<tr>\r\n											<td>\r\n												<img border="0" height="237" src="/inc/pics/banquet_img_a02.jpg" width="300" /></td>\r\n										</tr>\r\n									</tbody>\r\n								</table>\r\n								<table border="0" cellpadding="0" cellspacing="0" id="table25" width="308">\r\n									<tbody>\r\n										<tr>\r\n											<td>\r\n												<a href="/inc/pics/banquet_img_b02.jpg" target="_blank"><img border="0" height="15" src="/inc/pics/btn_bottom_zoom.gif" width="53" /></a></td>\r\n											<td>\r\n												　</td>\r\n										</tr>\r\n									</tbody>\r\n								</table>\r\n							</td>\r\n							<td valign="top">\r\n								<p>\r\n									<img border="0" height="36" src="/inc/pics/hall_head_02jp.gif" width="247" /><br />\r\n                                    当ホテル会議、研修施設は少人数の打合せ、商談から最大250名様までの学術講演会など収容可能な大小10の会議室があり、その他多目的にご利用いただけます。<br />\r\n                                    会議室は以下の最新の設備を配備しております。<br />\r\n                                      • 高速ブロードバンドインターネット<br />\r\n                                      • プロジェクター<br />\r\n                                      • DVD <br />\r\n                                    ※会場使用料金、各設備利用料金は料金表をご覧ください。<br />\r\n                                    </p>\r\n								<br />\r\n								<br />\r\n								<p>\r\n									<br />\r\n									&nbsp;<img height="24" src="/inc/pics/img_res_helpjp.gif" width="128" /><br />\r\n							  Tel:86-21-3777-3939</p>\r\n								<p>\r\n									<br />\r\n									查看价目表</p>\r\n								<p>\r\n									<br />\r\n									<a href="/jp/index.php?pageid=20"><img align="right" border="0" height="19" src="/inc/pics/btn_nextchi.gif" width="68" /></a></p>\r\n							</td>\r\n						</tr>\r\n					</tbody>\r\n				</table>\r\n			</td>\r\n		</tr>\r\n	</tbody>\r\n</table>\r\n<table align="center" border="0" cellpadding="0" cellspacing="0" width="690">\r\n	<tbody>\r\n		<tr>\r\n			<td>\r\n				<img height="412" src="/inc/pics/p2.jpg" width="688" /></td>\r\n		</tr>\r\n	</tbody>\r\n</table>\r\n<br />\r\n', 20);
INSERT INTO `pageset` VALUES (20, 0, '日文－会议设施－宴会厅', '', '宴会厅', '', '', '<table align="center" border="0" cellpadding="0" cellspacing="0" id="table16" width="690">\r\n	<tbody>\r\n		<tr>\r\n			<td height="428">\r\n				<img height="583" src="/inc/pics/p1.jpg" width="700" /></td>\r\n		</tr>\r\n		<tr>\r\n			<td>\r\n				<table border="0" cellpadding="5" cellspacing="0" id="table17" width="690">\r\n					<tbody>\r\n						<tr>\r\n							<td height="534">\r\n								<table border="0" cellpadding="3" cellspacing="1" id="table22" width="82%">\r\n									<tbody>\r\n										<tr>\r\n											<td>\r\n												<img height="239" src="/inc/pics/banquet_img_02.jpg" width="300" /></td>\r\n										</tr>\r\n									</tbody>\r\n								</table>\r\n								<table border="0" cellpadding="0" cellspacing="0" id="table23" width="308">\r\n									<tbody>\r\n										<tr>\r\n											<td>\r\n												<div align="left">\r\n													<a href="/inc/pics/hall01.jpg" target="_blank"><img border="0" height="15" src="/inc/pics/btn_bottom_zoom.gif" width="53" /></a></div>\r\n											</td>\r\n											<td>\r\n												　</td>\r\n										</tr>\r\n									</tbody>\r\n								</table>\r\n								<table border="0" cellpadding="3" cellspacing="1" id="table24" width="82%">\r\n									<tbody>\r\n										<tr>\r\n											<td>\r\n												<img border="0" height="239" src="/inc/pics/banquet_img_a04.jpg" width="300" /></td>\r\n										</tr>\r\n									</tbody>\r\n								</table>\r\n								<table border="0" cellpadding="0" cellspacing="0" id="table25" width="308">\r\n									<tbody>\r\n										<tr>\r\n											<td>\r\n												<div align="left">\r\n													<a href="/inc/pics/hall03.jpg" target="_blank"><img border="0" height="15" src="/inc/pics/btn_bottom_zoom.gif" width="53" /></a></div>\r\n											</td>\r\n											<td>\r\n												　</td>\r\n										</tr>\r\n									</tbody>\r\n								</table>\r\n							</td>\r\n							<td valign="top">\r\n								<p>\r\n									<img border="0" height="36" src="/inc/pics/hall_head_01jp.gif" width="247" /><br />\r\n									<br />\r\n									ホテルニューシャロン1階のバンケットフロアは、こと松江を代表する国際級ホテルにふさわしい格調と気品をもって「人々の集いの場」<br />\r\n「心と心のふれあいの場」を提供します。<br />\r\n宴会場は、200名から家族単位のプライベートバンケットに至るまで様々な集いの場にご利用いただけます。<br />\r\n                                    \r\n                              </p>\r\n								<br />\r\n								<br />\r\n								<p>\r\n									&nbsp;<img height="24" src="/inc/pics/img_res_helpjp.gif" width="88" /><br />\r\n									<br />\r\n									Tel:86-21-3777-3939<br />\r\n							  查看价格清单</p>\r\n							</td>\r\n						</tr>\r\n					</tbody>\r\n				</table>\r\n			</td>\r\n		</tr>\r\n	</tbody>\r\n</table>\r\n<br />\r\n', 21);
INSERT INTO `pageset` VALUES (21, 0, '日文－会议设施－商务中心', '', '商务中心－新沙珑国际宾馆', '', '', '<table align="center" border="0" cellpadding="0" cellspacing="0" id="table8" width="690">\r\n	<tbody>\r\n		<tr>\r\n			<td>\r\n				<table border="0" cellpadding="0" cellspacing="5" id="table9" width="690">\r\n					<tbody>\r\n						<tr>\r\n							<td valign="top">\r\n								<table border="0" cellpadding="3" cellspacing="1" id="table10" width="82%">\r\n									<tbody>\r\n										<tr>\r\n											<td>\r\n												<img height="239" src="/inc/pics/banquet_img_03.jpg" width="300" /></td>\r\n										</tr>\r\n									</tbody>\r\n								</table>\r\n								<img height="16" src="/inc/pics/business_imgtitle.gif" width="96" /></td>\r\n							<td rowspan="3" valign="top">\r\n								<p>\r\n									<img border="0" height="36" src="/inc/pics/hall_head_01jp.gif" width="247" /><br />\r\n									ビジネスセンターでは先進的な完備のビジネス施設、設備を備え、高効率、速やかなサービスで賓客の商業、旅行に便宜を計ります。<br />\r\n									&bull; コピー<br />\r\n									&bull; プリント<br />\r\n									&bull; タイプ印刷<br />\r\n									&bull; ファックス<br />\r\n									&bull; 郵便サービス<br />\r\n									&bull; パソコン<br />\r\n									&bull; インターネット設備<br />\r\n									&bull; 旅行のお問い合わせ<br />\r\n									&bull; チケットの予約・速達<br />\r\n									&bull; 国内(DDD)、国際電話(IDD)</p>\r\n								<br />\r\n								<br />\r\n								<p>\r\n									<img height="24" src="/inc/pics/img_res_helpjp.gif" width="88" /><br />\r\n									Tel:86-21-3777-3939&nbsp;</p>\r\n							</td>\r\n						</tr>\r\n						<tr>\r\n							<td>\r\n								　</td>\r\n						</tr>\r\n						<tr>\r\n							<td>\r\n								<table border="0" cellpadding="3" cellspacing="1" height="99" id="table11" width="82%">\r\n									<tbody>\r\n										<tr>\r\n											<td valign="top">\r\n												<a href=""> <img border="0" height="100" src="/inc/pics/fi.jpg" width="300" /></a></td>\r\n										</tr>\r\n									</tbody>\r\n								</table>\r\n							</td>\r\n						</tr>\r\n					</tbody>\r\n				</table>\r\n			</td>\r\n		</tr>\r\n	</tbody>\r\n</table>\r\n<br />\r\n', 22);
INSERT INTO `pageset` VALUES (22, 0, '日文－按摩中心－按摩厅', '', '按摩厅－新沙珑国际宾馆', '', '', '<table border="0" cellpadding="0" cellspacing="5" class="TD1" id="table12" width="690">\r\n	<!--DWLayoutTable-->\r\n	<tbody>\r\n		<tr>\r\n			<td height="265" valign="top" width="308">\r\n				<table bgcolor="D8D8D8" border="0" cellpadding="3" cellspacing="1" id="table13" width="82%">\r\n					<tbody>\r\n						<tr>\r\n							<td bgcolor="#FFFFFF" valign="top">\r\n								<img height="237" src="/inc/pics/spa01.jpg" width="300" /></td>\r\n						</tr>\r\n					</tbody>\r\n				</table>\r\n				　</td>\r\n			<td colspan="2" valign="top" width="382">\r\n				<img border="0" height="40" src="/inc/pics/fac_title_fitnessjp.gif" width="100%" /><br />\r\n				マッサージ・エステあらゆる空間でお客様に心身共にくつろぐ場所をご提供いたします。天然エッセンシャルオイルを調合し行うリラクゼーションマッサージ、タイ式マッサージ、手足ケアなど、お客様のあらゆるニーズにお応えする豊富なメニューを取り揃えております。ゆったりとした店内でくつろぎの時間をお過ごし下さい。<br />\r\n				<p>\r\n					<img height="24" src="/inc/pics/img_res_timejp.gif" width="88" /><br />\r\n					午前12：00---午後24：00</p>\r\n			</td>\r\n		</tr>\r\n		<tr>\r\n			<td height="586" valign="top">\r\n				<table bgcolor="D8D8D8" border="0" cellpadding="3" cellspacing="1" id="table53" width="82%">\r\n					<tbody>\r\n						<tr>\r\n							<td bgcolor="#FFFFFF" valign="top">\r\n								<img height="237" src="/inc/pics/spa05.gif" width="300" /></td>\r\n						</tr>\r\n					</tbody>\r\n				</table>\r\n				<img height="16" src="/inc/pics/fac_img_title_fitness.gif" width="71" />\r\n				<table bgcolor="D8D8D8" border="0" cellpadding="3" cellspacing="1" id="table59" width="82%">\r\n					<tbody>\r\n						<tr>\r\n							<td bgcolor="#FFFFFF" valign="top">\r\n								<img height="237" src="/inc/pics/massage01.jpg" width="300" /></td>\r\n						</tr>\r\n					</tbody>\r\n				</table>\r\n				<img height="16" src="/inc/pics/m_space.gif" width="71" /></td>\r\n			<td colspan="2" valign="top">\r\n				<p>\r\n					<img border="0" height="25" src="/inc/pics/fitness_title_amjp.gif" width="331" /></p>\r\n				<table align="center" bgcolor="#c4a93c" border="0" cellpadding="5" cellspacing="1" id="table45" width="95%">\r\n					<!--DWLayoutTable-->\r\n					<tbody>\r\n						<tr>\r\n							<td align="middle" bgcolor="#f7f9fd" class="bold" width="44%">\r\n								<p align="center">\r\n									<b><span style="font-size: 10pt; font-family: Times New Roman"><font color="#4F8966">美 容 項 目</font></span></b></p>\r\n							</td>\r\n							<td align="middle" bgcolor="#f7f9fd" class="bold" width="23%">\r\n								<p align="center">\r\n									<b><font color="#4F8966"><span style="font-size: 10pt; font-family: Times New Roman">時 間</span></font></b></p>\r\n							</td>\r\n							<td align="middle" bgcolor="#f7f9fd" class="bold" width="22%">\r\n								<p align="center">\r\n									<b><font color="#4F8966"><span style="font-size: 10pt; font-family: Times New Roman">価 格</span></font></b></p>\r\n							</td>\r\n						</tr>\r\n						<tr>\r\n							<td align="middle" bgcolor="#f7f9fd">\r\n								<font color="#808080"><span style="font-family: 宋体; font-size: 10pt">中国式伝統マッサージ</span></font></td>\r\n							<td align="center" bgcolor="#f7f9fd">\r\n								<font color="#808080"><span style="font-family: 宋体; font-size: 10pt">60分</span></font></td>\r\n							<td align="center" bgcolor="#f7f9fd">\r\n								<font color="#808080"><span style="font-family: 宋体; font-size: 10pt">128元</span></font></td>\r\n						</tr>\r\n						<tr>\r\n							<td align="middle" bgcolor="#f7f9fd">\r\n								<font color="#808080"><span style="font-family: 宋体; font-size: 10pt">芳香背部マッサージ</span></font></td>\r\n							<td align="center" bgcolor="#f7f9fd">\r\n								<font color="#808080"><span style="font-family: 宋体; font-size: 10pt">60分</span></font></td>\r\n							<td align="center" bgcolor="#f7f9fd">\r\n								<font color="#808080"><span style="font-family: 宋体; font-size: 10pt">268元</span></font></td>\r\n						</tr>\r\n						<tr>\r\n							<td align="middle" bgcolor="#f7f9fd">\r\n								<font color="#808080"><span style="font-family: 宋体; font-size: 10pt">全身オイルマッサージ</span></font></td>\r\n							<td align="center" bgcolor="#f7f9fd">\r\n								<font color="#808080"><span style="font-family: 宋体; font-size: 10pt">90分</span></font></td>\r\n							<td align="center" bgcolor="#f7f9fd">\r\n								<font color="#808080"><span style="font-family: 宋体; font-size: 10pt">388元</span></font></td>\r\n						</tr>\r\n						<tr>\r\n							<td align="middle" bgcolor="#f7f9fd">\r\n								<font color="#808080"><span style="font-family: 宋体; font-size: 10pt">肩-首-背部マッサージ</span> </font></td>\r\n							<td align="center" bgcolor="#f7f9fd">\r\n								<font color="#808080"><span style="font-family: 宋体; font-size: 10pt">60分</span></font></td>\r\n							<td align="center" bgcolor="#f7f9fd">\r\n								<font color="#808080"><span style="font-family: 宋体; font-size: 10pt">128元</span></font></td>\r\n						</tr>\r\n						<tr>\r\n							<td align="middle" bgcolor="#f7f9fd">\r\n								<font color="#808080"><span style="font-family: 宋体; font-size: 10pt">ホットストーンマッサージ</span> </font></td>\r\n							<td align="center" bgcolor="#f7f9fd">\r\n								<font color="#808080"><span style="font-family: 宋体; font-size: 10pt">60分</span></font></td>\r\n							<td align="center" bgcolor="#f7f9fd">\r\n								<font color="#808080"><span style="font-family: 宋体; font-size: 10pt">268元</span></font></td>\r\n						</tr>\r\n						<tr>\r\n							<td height="1">\r\n								&nbsp;</td>\r\n							<td>\r\n								&nbsp;</td>\r\n							<td>\r\n								&nbsp;</td>\r\n						</tr>\r\n					</tbody>\r\n				</table>\r\n				<p>\r\n					<img border="0" height="25" src="/inc/pics/fitness_title_food_amjp.gif" width="331" /></p>\r\n				<p>\r\n					&nbsp;</p>\r\n				<table align="center" bgcolor="#c4a93c" border="0" cellpadding="5" cellspacing="1" id="table61" width="95%">\r\n					<tbody>\r\n						<tr>\r\n							<td align="middle" bgcolor="#f7f9fd" class="bold" width="51%">\r\n								<p align="center">\r\n									<b><span style="font-size: 10pt; font-family: Times New Roman"><font color="#4F8966">美 容 項 目</font></span></b></p>\r\n							</td>\r\n							<td align="middle" bgcolor="#f7f9fd" class="bold" width="20%">\r\n								<p align="center">\r\n									<b><font color="#4F8966"><span style="font-size: 10pt; font-family: Times New Roman">時 間</span></font></b></p>\r\n							</td>\r\n							<td align="middle" bgcolor="#f7f9fd" class="bold" width="19%">\r\n								<p align="center">\r\n									<b><font color="#4F8966"><span style="font-size: 10pt; font-family: Times New Roman">价 格</span></font></b></p>\r\n							</td>\r\n						</tr>\r\n						<tr>\r\n							<td align="middle" bgcolor="#f7f9fd">\r\n								<p align="left">\r\n									<font color="#808080"><span style="font-family: 宋体; font-size: 10pt">ミントフットバス<br />\r\n									（泡浴+マッサージ）</span></font></p>\r\n							</td>\r\n							<td align="center" bgcolor="#f7f9fd">\r\n								<font color="#808080"><span style="font-family: 宋体; font-size: 10pt">60分钟</span></font></td>\r\n							<td align="center" bgcolor="#f7f9fd">\r\n								<font color="#808080"><span style="font-family: 宋体; font-size: 10pt">100元</span></font></td>\r\n						</tr>\r\n						<tr>\r\n							<td align="middle" bgcolor="#f7f9fd">\r\n								<font color="#808080"><span style="font-family: 宋体; font-size: 10pt">足裏マッサージ</span></font></td>\r\n							<td align="center" bgcolor="#f7f9fd">\r\n								<font color="#808080">次</font></td>\r\n							<td align="center" bgcolor="#f7f9fd">\r\n								<font color="#808080"><span style="font-family: 宋体; font-size: 10pt">38元</span></font></td>\r\n						</tr>\r\n						<tr>\r\n							<td align="middle" bgcolor="#f7f9fd">\r\n								<font color="#808080"><span style="font-family: 宋体; font-size: 10pt">修足</span></font></td>\r\n							<td align="center" bgcolor="#f7f9fd">\r\n								<font color="#808080">次</font></td>\r\n							<td align="center" bgcolor="#f7f9fd">\r\n								<font color="#808080"><span style="font-family: 宋体; font-size: 10pt">38元</span></font></td>\r\n						</tr>\r\n						<tr>\r\n							<td align="middle" bgcolor="#f7f9fd">\r\n								<font color="#808080"><span style="font-family: 宋体; font-size: 10pt">足の角質取り</span></font></td>\r\n							<td align="center" bgcolor="#f7f9fd">\r\n								<font color="#808080">次</font>　</td>\r\n							<td align="center" bgcolor="#f7f9fd">\r\n								<font color="#808080"><span style="font-family: 宋体; font-size: 10pt">38元</span></font></td>\r\n						</tr>\r\n						<tr>\r\n							<td align="middle" bgcolor="#f7f9fd">\r\n								<font color="#808080"><span style="font-family: 宋体; font-size: 10pt">吸玉</span> </font></td>\r\n							<td align="center" bgcolor="#f7f9fd">\r\n								<font color="#808080">次</font>　</td>\r\n							<td align="center" bgcolor="#f7f9fd">\r\n								<font color="#808080"><span style="font-family: 宋体; font-size: 10pt">58元</span></font></td>\r\n						</tr>\r\n						<tr>\r\n							<td align="middle" bgcolor="#f7f9fd">\r\n								<font color="#808080"><span style="font-family: 宋体; font-size: 10pt">グワシャー</span></font></td>\r\n							<td align="center" bgcolor="#f7f9fd">\r\n								<font color="#808080">次</font>　</td>\r\n							<td align="center" bgcolor="#f7f9fd">\r\n								<font color="#808080"><span style="font-family: 宋体; font-size: 10pt">58元</span></font></td>\r\n						</tr>\r\n					</tbody>\r\n				</table>\r\n			</td>\r\n		</tr>\r\n	</tbody>\r\n</table>\r\n', 23);
INSERT INTO `pageset` VALUES (23, 0, '日文－按摩中心－SPA护理', '', 'SPA护理－新沙珑国际宾馆', '', '', '<table border="0" cellpadding="0" cellspacing="0" class="TD1" id="table12" width="690">\r\n	<!--DWLayoutTable-->\r\n	<tbody>\r\n		<tr>\r\n			<td valign="top" width="335">\r\n				　</td>\r\n			<td valign="top" width="350">\r\n				　</td>\r\n			<td width="5">\r\n				&nbsp;</td>\r\n		</tr>\r\n		<tr>\r\n			<td rowspan="2" valign="top">\r\n				<img height="16" src="/inc/pics/fac_img_title_fitness.gif" width="71" />\r\n				<p>\r\n					<img border="0" height="25" src="/inc/pics/fac_title_fitnessspa00jp.gif" width="331" /></p>\r\n				<p>\r\n					<font color="#4F8966"><b><span style="font-family: Times New Roman; font-size: 10pt">ファイアーローズパッションパッケージ 2時間 680元</span></b></font><br />\r\n					<font face="MS Mincho" size="2">パッケージ内容：</font><br />\r\n					1) シャワー<br />\r\n					2)ミネラルソルトで古い角質除去<br />\r\n					3)全身ケア<br />\r\n					4)フェイス基礎ケア<br />\r\n					5)ファイアーローズパッションマッサージ<br />\r\n					6)バス（ミルク＋オイル）<br />\r\n					7)花茶、果物</p>\r\n				<p>\r\n					<font color="#4F8966"><span style="font-size: 10.5pt"><b><span style="font-family: Times New Roman">クリスタルパッケージ&nbsp;&nbsp;&nbsp;&nbsp;&nbsp; 2時間&nbsp;&nbsp; 680元</span></b></span></font><br />\r\n					<font face="MS Mincho" size="2">パッケージ内容：<br />\r\n					1）</font>シャワー<br />\r\n					<font face="MS Mincho" size="2">2）全身ラベンダーソルトで角質除去<br />\r\n					3）</font>クリスタルマッサージ<br />\r\n					<font face="MS Mincho" size="2">4）</font>フェイス基礎ケア<br />\r\n					<font face="MS Mincho" size="2">5）</font>バス（ミルク＋オイル）<br />\r\n					<font face="MS Mincho" size="2">6)コーヒー、果物</font></p>\r\n				<p>\r\n					<br />\r\n					<b><font color="#4F8966"><span style="font-size: 10.5pt; font-family: Times New Roman">インテイメイトラブパッケージ&nbsp;&nbsp;&nbsp;&nbsp;&nbsp;&nbsp;&nbsp;&nbsp;&nbsp; 3時間&nbsp;&nbsp;&nbsp; 980元</span></font></b><br />\r\n					<font face="MS Mincho" size="2">パッケージ内容：<br />\r\n					1）</font>シャワー<br />\r\n					<font face="MS Mincho" size="2">2）</font>バス（フラワー＋ローズマリー）<br />\r\n					<font face="MS Mincho" size="2">3）</font>全身の角質取り<br />\r\n					<font face="MS Mincho" size="2">4）</font>インテイメイトラブマッサージ<br />\r\n					<font face="MS Mincho" size="2">5）</font> フェイス基礎ケア<br />\r\n					6） お菓子、お茶</p>\r\n			</td>\r\n			<td height="280" valign="top">\r\n				　 <img border="0" height="25" src="/inc/pics/fac_title_fitnessspa02jp.gif" width="331" />\r\n				<table align="center" bgcolor="#c4a93c" border="0" cellpadding="5" cellspacing="1" id="table22" width="98%">\r\n					<tbody>\r\n						<tr>\r\n							<td align="middle" bgcolor="#f7f9fd" class="bold" height="31" width="21%">\r\n								<p align="center">\r\n									<b><font color="#4F8966"><span style="font-family: Times New Roman; font-size: 10pt">項 目</span></font></b></p>\r\n							</td>\r\n							<td align="middle" bgcolor="#f7f9fd" class="bold" height="31" width="57%">\r\n								<p align="center">\r\n									<b><font color="#4F8966"><span style="font-family: Times New Roman; font-size: 10pt">効 能</span></font></b></p>\r\n							</td>\r\n							<td align="middle" bgcolor="#f7f9fd" class="bold" height="31" width="14%">\r\n								<p align="center">\r\n									<b><font color="#4F8966"><span style="font-family: Times New Roman; font-size: 10pt">価 格</span></font></b></p>\r\n							</td>\r\n						</tr>\r\n						<tr>\r\n							<td align="middle" bgcolor="#f7f9fd">\r\n								<font color="#808080">&nbsp; </font>\r\n								<p class="style1 style2">\r\n									フラワーバス＋全身の角質取り</p>\r\n							</td>\r\n							<td align="left" bgcolor="#f7f9fd">\r\n								<font color="#808080"><span style="font-size: 10pt; font-family: MS Mincho">適合な温度、芳しい香りバスタイムを快適にします</span></font></td>\r\n							<td align="center" bgcolor="#f7f9fd">\r\n								<font color="#808080"><span style="font-size: 10pt; font-family: 宋体">268元</span></font></td>\r\n						</tr>\r\n						<tr>\r\n							<td align="middle" bgcolor="#f7f9fd">\r\n								<font color="#808080">&nbsp; </font>\r\n								<p class="style3">\r\n									フラワーバス＋全身の角質取り</p>\r\n							</td>\r\n							<td align="left" bgcolor="#f7f9fd">\r\n								<font color="#808080"><span style="font-size: 10pt; font-family: MS Mincho">栄養を補ってシルクのような肌を与える</span></font></td>\r\n							<td align="center" bgcolor="#f7f9fd">\r\n								<font color="#808080"><span style="font-size: 10pt; font-family: 宋体">188元</span></font></td>\r\n						</tr>\r\n						<tr>\r\n							<td align="middle" bgcolor="#f7f9fd">\r\n								<font color="#808080">&nbsp; </font>\r\n								<p class="style3">\r\n									ミネラルソルトバス＋全身の角質取り</p>\r\n							</td>\r\n							<td align="left" bgcolor="#f7f9fd">\r\n								<font color="#808080"><span style="font-size: 10pt; font-family: MS Mincho">体の「炎」をかきたて、肌をやさしく守る</span></font></td>\r\n							<td align="center" bgcolor="#f7f9fd">\r\n								<font color="#808080"><span style="font-size: 10pt; font-family: 宋体">188元</span></font></td>\r\n						</tr>\r\n					</tbody>\r\n				</table>\r\n				<p>\r\n					&nbsp;</p>\r\n			</td>\r\n			<td>\r\n				&nbsp;</td>\r\n		</tr>\r\n		<tr>\r\n			<td height="422" valign="top">\r\n				<table bgcolor="D8D8D8" border="0" cellpadding="3" cellspacing="1" id="table26" width="82%">\r\n					<tbody>\r\n						<tr>\r\n							<td bgcolor="#FFFFFF" valign="top">\r\n								<p align="center">\r\n									<img height="237" src="/inc/pics/spa03.jpg" width="300" /></p>\r\n							</td>\r\n						</tr>\r\n					</tbody>\r\n				</table>\r\n				<p>\r\n					<img height="24" src="/inc/pics/img_res_timejp.gif" width="88" /><br />\r\n					午前12：00---午後24：00</p>\r\n			</td>\r\n			<td>\r\n				&nbsp;</td>\r\n		</tr>\r\n	</tbody>\r\n</table>\r\n', 24);
INSERT INTO `pageset` VALUES (24, 0, '日文－关于我们－留言板', '', '留言板－新沙珑国际宾馆', '', '', '', 18);

-- --------------------------------------------------------

-- 
-- 表的结构 `pagesetpic`
-- 

CREATE TABLE `pagesetpic` (
  `id_pagesetpic` int(11) NOT NULL auto_increment,
  `id_pageset` int(11) NOT NULL,
  `id_hr` int(11) NOT NULL,
  `title` varchar(250) NOT NULL,
  `intro` text NOT NULL,
  `url` varchar(250) NOT NULL,
  `opicname` varchar(250) NOT NULL,
  `spicname` varchar(250) NOT NULL,
  `dele` int(1) NOT NULL default '1',
  `type` varchar(3) NOT NULL,
  `indate` datetime NOT NULL,
  `modate` datetime NOT NULL,
  `deldate` datetime NOT NULL,
  `browsecount` int(11) NOT NULL,
  `ordernum` int(11) NOT NULL,
  PRIMARY KEY  (`id_pagesetpic`)
) ENGINE=MyISAM  DEFAULT CHARSET=utf8 AUTO_INCREMENT=59 ;

-- 
-- 导出表中的数据 `pagesetpic`
-- 

INSERT INTO `pagesetpic` VALUES (2, 6, 1, '', '', '', '1377395846.jpg', '', 1, 'JPG', '2013-08-25 09:57:26', '0000-00-00 00:00:00', '0000-00-00 00:00:00', 0, 2);
INSERT INTO `pagesetpic` VALUES (3, 6, 1, '', '', '', '1377395856.jpg', '', 1, 'JPG', '2013-08-25 09:57:36', '0000-00-00 00:00:00', '0000-00-00 00:00:00', 0, 3);
INSERT INTO `pagesetpic` VALUES (4, 1, 1, '', '', '', '1377396039.jpg', '', 1, 'JPG', '2013-08-25 10:00:39', '0000-00-00 00:00:00', '0000-00-00 00:00:00', 0, 4);
INSERT INTO `pagesetpic` VALUES (27, 1, 1, '', '', '', '1377498097.jpg', '', 1, 'JPG', '2013-08-26 14:21:37', '0000-00-00 00:00:00', '0000-00-00 00:00:00', 0, 27);
INSERT INTO `pagesetpic` VALUES (6, 2, 1, '', '', '', '1377396069.jpg', '', 1, 'JPG', '2013-08-25 10:01:09', '0000-00-00 00:00:00', '0000-00-00 00:00:00', 0, 6);
INSERT INTO `pagesetpic` VALUES (8, 3, 1, '', '', '', '1377396098.jpg', '', 1, 'JPG', '2013-08-25 10:01:38', '0000-00-00 00:00:00', '0000-00-00 00:00:00', 0, 8);
INSERT INTO `pagesetpic` VALUES (9, 3, 1, '', '', '', '1377396104.jpg', '', 1, 'JPG', '2013-08-25 10:01:44', '0000-00-00 00:00:00', '0000-00-00 00:00:00', 0, 9);
INSERT INTO `pagesetpic` VALUES (10, 4, 1, '', '', '', '1377396115.jpg', '', 1, 'JPG', '2013-08-25 10:01:55', '0000-00-00 00:00:00', '0000-00-00 00:00:00', 0, 10);
INSERT INTO `pagesetpic` VALUES (11, 4, 1, '', '', '', '1377396124.jpg', '', 1, 'JPG', '2013-08-25 10:02:04', '0000-00-00 00:00:00', '0000-00-00 00:00:00', 0, 11);
INSERT INTO `pagesetpic` VALUES (12, 5, 1, '', '', '', '1377396149.jpg', '', 1, 'JPG', '2013-08-25 10:02:29', '0000-00-00 00:00:00', '0000-00-00 00:00:00', 0, 12);
INSERT INTO `pagesetpic` VALUES (13, 5, 1, '', '', '', '1377396155.jpg', '', 1, 'JPG', '2013-08-25 10:02:35', '0000-00-00 00:00:00', '0000-00-00 00:00:00', 0, 13);
INSERT INTO `pagesetpic` VALUES (14, 7, 1, '', '', '', '1377396189.jpg', '', 1, 'JPG', '2013-08-25 10:03:09', '0000-00-00 00:00:00', '0000-00-00 00:00:00', 0, 14);
INSERT INTO `pagesetpic` VALUES (15, 7, 1, '', '', '', '1377396195.jpg', '', 1, 'JPG', '2013-08-25 10:03:15', '0000-00-00 00:00:00', '0000-00-00 00:00:00', 0, 15);
INSERT INTO `pagesetpic` VALUES (16, 8, 1, '', '', '', '1377396208.jpg', '', 1, 'JPG', '2013-08-25 10:03:28', '0000-00-00 00:00:00', '0000-00-00 00:00:00', 0, 16);
INSERT INTO `pagesetpic` VALUES (17, 8, 1, '', '', '', '1377396215.jpg', '', 1, 'JPG', '2013-08-25 10:03:35', '0000-00-00 00:00:00', '0000-00-00 00:00:00', 0, 17);
INSERT INTO `pagesetpic` VALUES (18, 9, 1, '', '', '', '1377396224.jpg', '', 1, 'JPG', '2013-08-25 10:03:44', '0000-00-00 00:00:00', '0000-00-00 00:00:00', 0, 18);
INSERT INTO `pagesetpic` VALUES (19, 9, 1, '', '', '', '1377396230.jpg', '', 1, 'JPG', '2013-08-25 10:03:50', '0000-00-00 00:00:00', '0000-00-00 00:00:00', 0, 19);
INSERT INTO `pagesetpic` VALUES (20, 9, 1, '', '', '', '1377396237.jpg', '', 1, 'JPG', '2013-08-25 10:03:57', '0000-00-00 00:00:00', '0000-00-00 00:00:00', 0, 20);
INSERT INTO `pagesetpic` VALUES (21, 10, 1, '', '', '', '1377396256.jpg', '', 1, 'JPG', '2013-08-25 10:04:16', '0000-00-00 00:00:00', '0000-00-00 00:00:00', 0, 21);
INSERT INTO `pagesetpic` VALUES (22, 10, 1, '', '', '', '1377396262.jpg', '', 1, 'JPG', '2013-08-25 10:04:22', '0000-00-00 00:00:00', '0000-00-00 00:00:00', 0, 22);
INSERT INTO `pagesetpic` VALUES (23, 10, 1, '', '', '', '1377396269.jpg', '', 1, 'JPG', '2013-08-25 10:04:29', '0000-00-00 00:00:00', '0000-00-00 00:00:00', 0, 23);
INSERT INTO `pagesetpic` VALUES (24, 11, 1, '', '', '', '1377396282.jpg', '', 1, 'JPG', '2013-08-25 10:04:42', '0000-00-00 00:00:00', '0000-00-00 00:00:00', 0, 24);
INSERT INTO `pagesetpic` VALUES (25, 11, 1, '', '', '', '1377396287.jpg', '', 1, 'JPG', '2013-08-25 10:04:47', '0000-00-00 00:00:00', '0000-00-00 00:00:00', 0, 25);
INSERT INTO `pagesetpic` VALUES (26, 11, 1, '', '', '', '1377396293.jpg', '', 1, 'JPG', '2013-08-25 10:04:53', '0000-00-00 00:00:00', '0000-00-00 00:00:00', 0, 26);
INSERT INTO `pagesetpic` VALUES (30, 12, 1, '', '', '', '1377604904.jpg', '', 1, 'JPG', '2013-08-27 20:01:44', '0000-00-00 00:00:00', '0000-00-00 00:00:00', 0, 30);
INSERT INTO `pagesetpic` VALUES (29, 12, 1, '', '', '', '1377604824.jpg', '', 1, 'JPG', '2013-08-27 20:00:24', '0000-00-00 00:00:00', '0000-00-00 00:00:00', 0, 29);
INSERT INTO `pagesetpic` VALUES (31, 1, 1, '', '', '', '1377830245.jpg', '', 1, 'JPG', '2013-08-30 10:37:25', '0000-00-00 00:00:00', '0000-00-00 00:00:00', 0, 0);
INSERT INTO `pagesetpic` VALUES (32, 1, 1, '', '', '', '1377830255.jpg', '', 1, 'JPG', '2013-08-30 10:37:35', '0000-00-00 00:00:00', '0000-00-00 00:00:00', 0, 0);
INSERT INTO `pagesetpic` VALUES (33, 13, 1, '', '', '', '1378360845.jpg', '', 1, 'JPG', '2013-09-05 14:00:45', '0000-00-00 00:00:00', '0000-00-00 00:00:00', 0, 0);
INSERT INTO `pagesetpic` VALUES (34, 13, 1, '', '', '', '1378360854.jpg', '', 1, 'JPG', '2013-09-05 14:00:54', '0000-00-00 00:00:00', '0000-00-00 00:00:00', 0, 0);
INSERT INTO `pagesetpic` VALUES (35, 13, 1, '', '', '', '1378360864.jpg', '', 1, 'JPG', '2013-09-05 14:01:04', '0000-00-00 00:00:00', '0000-00-00 00:00:00', 0, 0);
INSERT INTO `pagesetpic` VALUES (36, 14, 1, '', '', '', '1378361832.jpg', '', 1, 'JPG', '2013-09-05 14:17:12', '0000-00-00 00:00:00', '0000-00-00 00:00:00', 0, 0);
INSERT INTO `pagesetpic` VALUES (37, 14, 1, '', '', '', '1378361841.jpg', '', 1, 'JPG', '2013-09-05 14:17:21', '0000-00-00 00:00:00', '0000-00-00 00:00:00', 0, 0);
INSERT INTO `pagesetpic` VALUES (38, 15, 1, '', '', '', '1378427418.jpg', '', 1, 'JPG', '2013-09-06 08:30:18', '0000-00-00 00:00:00', '0000-00-00 00:00:00', 0, 0);
INSERT INTO `pagesetpic` VALUES (39, 15, 1, '', '', '', '1378427424.jpg', '', 1, 'JPG', '2013-09-06 08:30:24', '0000-00-00 00:00:00', '0000-00-00 00:00:00', 0, 0);
INSERT INTO `pagesetpic` VALUES (40, 15, 1, '', '', '', '1378427431.jpg', '', 1, 'JPG', '2013-09-06 08:30:31', '0000-00-00 00:00:00', '0000-00-00 00:00:00', 0, 0);
INSERT INTO `pagesetpic` VALUES (41, 16, 1, '', '', '', '1378428968.jpg', '', 1, 'JPG', '2013-09-06 08:56:08', '0000-00-00 00:00:00', '0000-00-00 00:00:00', 0, 0);
INSERT INTO `pagesetpic` VALUES (42, 16, 1, '', '', '', '1378428975.jpg', '', 1, 'JPG', '2013-09-06 08:56:15', '0000-00-00 00:00:00', '0000-00-00 00:00:00', 0, 0);
INSERT INTO `pagesetpic` VALUES (43, 17, 1, '', '', '', '1378429020.jpg', '', 1, 'JPG', '2013-09-06 08:57:00', '0000-00-00 00:00:00', '0000-00-00 00:00:00', 0, 0);
INSERT INTO `pagesetpic` VALUES (44, 17, 1, '', '', '', '1378429026.jpg', '', 1, 'JPG', '2013-09-06 08:57:06', '0000-00-00 00:00:00', '0000-00-00 00:00:00', 0, 0);
INSERT INTO `pagesetpic` VALUES (45, 24, 1, '', '', '', '1378429345.jpg', '', 1, 'JPG', '2013-09-06 09:02:25', '0000-00-00 00:00:00', '0000-00-00 00:00:00', 0, 0);
INSERT INTO `pagesetpic` VALUES (46, 24, 1, '', '', '', '1378429350.jpg', '', 1, 'JPG', '2013-09-06 09:02:30', '0000-00-00 00:00:00', '0000-00-00 00:00:00', 0, 0);
INSERT INTO `pagesetpic` VALUES (47, 18, 1, '', '', '', '1378430410.jpg', '', 1, 'JPG', '2013-09-06 09:20:10', '0000-00-00 00:00:00', '0000-00-00 00:00:00', 0, 0);
INSERT INTO `pagesetpic` VALUES (48, 18, 1, '', '', '', '1378430421.jpg', '', 1, 'JPG', '2013-09-06 09:20:21', '0000-00-00 00:00:00', '0000-00-00 00:00:00', 0, 0);
INSERT INTO `pagesetpic` VALUES (49, 19, 1, '', '', '', '1378435328.jpg', '', 1, 'JPG', '2013-09-06 10:42:08', '0000-00-00 00:00:00', '0000-00-00 00:00:00', 0, 0);
INSERT INTO `pagesetpic` VALUES (50, 19, 1, '', '', '', '1378435333.jpg', '', 1, 'JPG', '2013-09-06 10:42:13', '0000-00-00 00:00:00', '0000-00-00 00:00:00', 0, 0);
INSERT INTO `pagesetpic` VALUES (51, 20, 1, '', '', '', '1378436451.jpg', '', 1, 'JPG', '2013-09-06 11:00:51', '0000-00-00 00:00:00', '0000-00-00 00:00:00', 0, 0);
INSERT INTO `pagesetpic` VALUES (52, 20, 1, '', '', '', '1378436458.jpg', '', 1, 'JPG', '2013-09-06 11:00:58', '0000-00-00 00:00:00', '0000-00-00 00:00:00', 0, 0);
INSERT INTO `pagesetpic` VALUES (53, 21, 1, '', '', '', '1378436728.jpg', '', 1, 'JPG', '2013-09-06 11:05:28', '0000-00-00 00:00:00', '0000-00-00 00:00:00', 0, 0);
INSERT INTO `pagesetpic` VALUES (54, 21, 1, '', '', '', '1378436734.jpg', '', 1, 'JPG', '2013-09-06 11:05:34', '0000-00-00 00:00:00', '0000-00-00 00:00:00', 0, 0);
INSERT INTO `pagesetpic` VALUES (55, 22, 1, '', '', '', '1378437156.jpg', '', 1, 'JPG', '2013-09-06 11:12:36', '0000-00-00 00:00:00', '0000-00-00 00:00:00', 0, 0);
INSERT INTO `pagesetpic` VALUES (56, 22, 1, '', '', '', '1378437162.jpg', '', 1, 'JPG', '2013-09-06 11:12:42', '0000-00-00 00:00:00', '0000-00-00 00:00:00', 0, 0);
INSERT INTO `pagesetpic` VALUES (57, 23, 1, '', '', '', '1378439114.jpg', '', 1, 'JPG', '2013-09-06 11:45:14', '0000-00-00 00:00:00', '0000-00-00 00:00:00', 0, 0);
INSERT INTO `pagesetpic` VALUES (58, 23, 1, '', '', '', '1378439120.jpg', '', 1, 'JPG', '2013-09-06 11:45:20', '0000-00-00 00:00:00', '0000-00-00 00:00:00', 0, 0);

-- --------------------------------------------------------

-- 
-- 表的结构 `pavy1`
-- 

CREATE TABLE `pavy1` (
  `id_pavy1` int(11) NOT NULL auto_increment,
  `id_hr` int(11) NOT NULL,
  `lang` int(1) NOT NULL default '1',
  `product_visit` int(1) NOT NULL default '0',
  `store_visit` int(1) NOT NULL default '0',
  `news_visit` int(1) NOT NULL default '0',
  `hr_visit` int(1) NOT NULL default '0',
  `pavy_visit` int(1) NOT NULL default '0',
  `data_visit` int(1) NOT NULL default '0',
  `siteset_visit` int(1) NOT NULL default '0',
  `level` int(1) NOT NULL default '0',
  `indate` datetime NOT NULL,
  `modate` datetime NOT NULL,
  `deldate` datetime NOT NULL,
  PRIMARY KEY  (`id_pavy1`)
) ENGINE=MyISAM  DEFAULT CHARSET=utf8 AUTO_INCREMENT=30 ;

-- 
-- 导出表中的数据 `pavy1`
-- 

INSERT INTO `pavy1` VALUES (28, 1, 1, 1, 0, 1, 1, 1, 0, 1, 0, '2011-01-29 18:08:13', '0000-00-00 00:00:00', '0000-00-00 00:00:00');

-- --------------------------------------------------------

-- 
-- 表的结构 `pavy2`
-- 

CREATE TABLE `pavy2` (
  `id_pvay2` int(11) NOT NULL auto_increment,
  `id_hr` int(11) NOT NULL,
  `id_backmenu` int(11) NOT NULL,
  `lang` int(1) NOT NULL default '1',
  `browseprem` int(1) NOT NULL default '0',
  `addprem` int(1) NOT NULL default '0',
  `editprem` int(1) NOT NULL default '0',
  `deleprem` int(1) NOT NULL default '0',
  `display` int(1) NOT NULL default '1',
  `level` int(1) NOT NULL default '0',
  `state` int(1) NOT NULL default '1',
  `indate` datetime NOT NULL,
  `modate` datetime NOT NULL,
  `deldate` datetime NOT NULL,
  PRIMARY KEY  (`id_pvay2`)
) ENGINE=MyISAM  DEFAULT CHARSET=utf8 AUTO_INCREMENT=265 ;

-- 
-- 导出表中的数据 `pavy2`
-- 

INSERT INTO `pavy2` VALUES (246, 1, 46, 1, 1, 1, 1, 1, 1, 0, 1, '2011-01-29 18:08:13', '0000-00-00 00:00:00', '0000-00-00 00:00:00');
INSERT INTO `pavy2` VALUES (245, 1, 41, 1, 1, 1, 1, 1, 1, 0, 1, '2011-01-29 18:08:13', '0000-00-00 00:00:00', '0000-00-00 00:00:00');
INSERT INTO `pavy2` VALUES (244, 1, 39, 1, 1, 1, 1, 1, 1, 0, 1, '2011-01-29 18:08:13', '0000-00-00 00:00:00', '0000-00-00 00:00:00');
INSERT INTO `pavy2` VALUES (243, 1, 22, 1, 1, 1, 1, 1, 1, 0, 1, '2011-01-29 18:08:13', '0000-00-00 00:00:00', '0000-00-00 00:00:00');
INSERT INTO `pavy2` VALUES (242, 1, 21, 1, 1, 1, 1, 1, 1, 0, 1, '2011-01-29 18:08:13', '0000-00-00 00:00:00', '0000-00-00 00:00:00');
INSERT INTO `pavy2` VALUES (241, 1, 20, 1, 1, 1, 1, 1, 1, 0, 1, '2011-01-29 18:08:13', '0000-00-00 00:00:00', '0000-00-00 00:00:00');
INSERT INTO `pavy2` VALUES (240, 1, 19, 1, 0, 0, 0, 0, 1, 0, 1, '2011-01-29 18:08:13', '0000-00-00 00:00:00', '0000-00-00 00:00:00');
INSERT INTO `pavy2` VALUES (239, 1, 18, 1, 0, 0, 0, 0, 0, 0, 1, '2011-01-29 18:08:13', '0000-00-00 00:00:00', '0000-00-00 00:00:00');
INSERT INTO `pavy2` VALUES (238, 1, 17, 1, 1, 1, 1, 1, 1, 0, 1, '2011-01-29 18:08:13', '0000-00-00 00:00:00', '0000-00-00 00:00:00');
INSERT INTO `pavy2` VALUES (237, 1, 16, 1, 1, 1, 1, 1, 1, 0, 1, '2011-01-29 18:08:13', '0000-00-00 00:00:00', '0000-00-00 00:00:00');
INSERT INTO `pavy2` VALUES (236, 1, 15, 1, 1, 1, 1, 1, 1, 0, 1, '2011-01-29 18:08:13', '0000-00-00 00:00:00', '0000-00-00 00:00:00');
INSERT INTO `pavy2` VALUES (235, 1, 47, 1, 1, 1, 1, 1, 1, 0, 1, '2011-01-29 18:08:13', '0000-00-00 00:00:00', '0000-00-00 00:00:00');
INSERT INTO `pavy2` VALUES (234, 1, 8, 1, 1, 1, 1, 1, 1, 0, 1, '2011-01-29 18:08:13', '0000-00-00 00:00:00', '0000-00-00 00:00:00');
INSERT INTO `pavy2` VALUES (233, 1, 9, 1, 1, 1, 1, 1, 1, 0, 1, '2011-01-29 18:08:13', '0000-00-00 00:00:00', '0000-00-00 00:00:00');
INSERT INTO `pavy2` VALUES (263, 1, 49, 1, 0, 0, 0, 0, 0, 0, 1, '2012-02-26 20:27:41', '0000-00-00 00:00:00', '0000-00-00 00:00:00');
INSERT INTO `pavy2` VALUES (247, 1, 48, 1, 1, 1, 1, 1, 1, 0, 1, '2011-03-09 16:42:50', '0000-00-00 00:00:00', '0000-00-00 00:00:00');
INSERT INTO `pavy2` VALUES (264, 1, 50, 1, 1, 1, 1, 1, 1, 0, 1, '2012-06-15 10:47:05', '0000-00-00 00:00:00', '0000-00-00 00:00:00');

-- --------------------------------------------------------

-- 
-- 表的结构 `post`
-- 

CREATE TABLE `post` (
  `id_post` int(11) NOT NULL auto_increment,
  `post` varchar(25) NOT NULL,
  `lang` int(1) NOT NULL default '1',
  PRIMARY KEY  (`id_post`)
) ENGINE=MyISAM  DEFAULT CHARSET=utf8 AUTO_INCREMENT=10 ;

-- 
-- 导出表中的数据 `post`
-- 

INSERT INTO `post` VALUES (1, '普通员工', 1);
INSERT INTO `post` VALUES (2, '物料收发员', 1);
INSERT INTO `post` VALUES (3, 'IQC', 1);
INSERT INTO `post` VALUES (4, '仓库主管', 1);
INSERT INTO `post` VALUES (5, '采购主管', 1);
INSERT INTO `post` VALUES (6, '销售主管', 1);
INSERT INTO `post` VALUES (7, '副总经理', 1);
INSERT INTO `post` VALUES (8, '总经理', 1);
INSERT INTO `post` VALUES (9, '网站管理员', 1);

-- --------------------------------------------------------

-- 
-- 表的结构 `productdir`
-- 

CREATE TABLE `productdir` (
  `id_proddir` int(11) NOT NULL auto_increment,
  `lang` int(1) NOT NULL,
  `name` varchar(50) NOT NULL default '1',
  `intro` text NOT NULL,
  `dele` int(1) NOT NULL default '1',
  `dirurl` varchar(50) NOT NULL,
  `fatherid` int(11) NOT NULL,
  `level` int(1) NOT NULL,
  `ordernum` int(11) NOT NULL,
  PRIMARY KEY  (`id_proddir`)
) ENGINE=MyISAM  DEFAULT CHARSET=utf8 AUTO_INCREMENT=36 ;

-- 
-- 导出表中的数据 `productdir`
-- 

INSERT INTO `productdir` VALUES (1, 1, '沙珑餐厅', '', 1, '', 0, 1, 1);
INSERT INTO `productdir` VALUES (2, 1, '料理', '', 1, '', 1, 2, 2);
INSERT INTO `productdir` VALUES (3, 1, '酒水', '', 1, '', 1, 2, 3);
INSERT INTO `productdir` VALUES (4, 1, '儿童餐', '', 0, '', 1, 2, 4);
INSERT INTO `productdir` VALUES (5, 1, '时令推荐', '', 1, '', 1, 2, 5);
INSERT INTO `productdir` VALUES (6, 1, '厨师推荐', '', 1, '', 1, 2, 6);
INSERT INTO `productdir` VALUES (7, 1, '午餐菜单', '', 1, '', 1, 2, 7);
INSERT INTO `productdir` VALUES (8, 1, '铁板烧', '', 1, '', 0, 1, 8);
INSERT INTO `productdir` VALUES (9, 1, '铁板烧牛菲利定食 ', '', 1, '', 8, 2, 9);
INSERT INTO `productdir` VALUES (10, 1, '酒水', '', 0, '', 8, 2, 10);
INSERT INTO `productdir` VALUES (11, 1, '铁板烧牛排定食', '', 1, '', 8, 2, 11);
INSERT INTO `productdir` VALUES (22, 1, '高级黑毛牛', '', 1, '', 8, 2, 22);
INSERT INTO `productdir` VALUES (12, 0, '沙瓏レストラン', '', 1, '', 0, 1, 12);
INSERT INTO `productdir` VALUES (13, 0, '料理', '', 1, '', 12, 2, 13);
INSERT INTO `productdir` VALUES (14, 0, 'お酒', '', 1, '', 12, 2, 14);
INSERT INTO `productdir` VALUES (15, 0, '季節のおすすめ', '', 1, '', 12, 2, 15);
INSERT INTO `productdir` VALUES (16, 0, 'シェフお勧め料理', '', 1, '', 12, 2, 16);
INSERT INTO `productdir` VALUES (17, 0, 'ランチメニュー', '', 1, '', 12, 2, 17);
INSERT INTO `productdir` VALUES (18, 0, '鉄板焼き', '', 1, '', 0, 1, 18);
INSERT INTO `productdir` VALUES (19, 0, '料理', '', 0, '', 18, 2, 19);
INSERT INTO `productdir` VALUES (20, 0, '鉄板焼フィレ定食', '', 1, '', 18, 2, 20);
INSERT INTO `productdir` VALUES (21, 0, '鉄板焼ロース定食', '', 1, '', 18, 2, 21);
INSERT INTO `productdir` VALUES (23, 1, '海鲜铁板烧', '', 1, '', 8, 2, 23);
INSERT INTO `productdir` VALUES (24, 1, '铁板烧牛排•牛菲力', '', 1, '', 8, 2, 24);
INSERT INTO `productdir` VALUES (25, 1, '蔬菜炒•烧&铁板炒饭•炒面', '', 1, '', 8, 2, 25);
INSERT INTO `productdir` VALUES (26, 1, '铁板烧午餐定食', '', 1, '', 8, 2, 26);
INSERT INTO `productdir` VALUES (27, 1, '开胃菜', '', 1, '', 8, 2, 27);
INSERT INTO `productdir` VALUES (28, 1, '刺身•汤', '', 1, '', 8, 2, 28);
INSERT INTO `productdir` VALUES (29, 0, '高級黒毛牛', '', 1, '', 18, 2, 29);
INSERT INTO `productdir` VALUES (30, 0, '海鮮鉄板焼', '', 1, '', 18, 2, 30);
INSERT INTO `productdir` VALUES (31, 0, '鉄板焼ロースステーキ・フィレステーキ', '', 1, '', 18, 2, 31);
INSERT INTO `productdir` VALUES (32, 0, '鉄板焼・焼野菜＆鉄板焼飯・焼面', '', 1, '', 18, 2, 32);
INSERT INTO `productdir` VALUES (33, 0, '鉄板焼ランチ定食', '', 1, '', 18, 2, 33);
INSERT INTO `productdir` VALUES (34, 0, '前菜', '', 1, '', 18, 2, 34);
INSERT INTO `productdir` VALUES (35, 0, '御造り・スープ', '', 1, '', 18, 2, 35);

-- --------------------------------------------------------

-- 
-- 表的结构 `productinfo`
-- 

CREATE TABLE `productinfo` (
  `id_prodinfo` int(11) NOT NULL auto_increment,
  `id_proddir` int(11) NOT NULL,
  `id_hr` int(11) NOT NULL,
  `lang` int(1) NOT NULL default '1',
  `title` varchar(250) NOT NULL,
  `intro` text NOT NULL,
  `intro2` text NOT NULL,
  `intro3` text NOT NULL,
  `intro4` text NOT NULL,
  `content` longtext NOT NULL,
  `tag` text NOT NULL,
  `dele` int(1) NOT NULL default '1',
  `isnew` int(1) NOT NULL default '1',
  `indate` datetime NOT NULL,
  `modate` datetime NOT NULL,
  `deldate` datetime NOT NULL,
  `browsecount` int(11) NOT NULL,
  `ordernum` int(11) NOT NULL,
  PRIMARY KEY  (`id_prodinfo`)
) ENGINE=MyISAM  DEFAULT CHARSET=utf8 AUTO_INCREMENT=89 ;

-- 
-- 导出表中的数据 `productinfo`
-- 

INSERT INTO `productinfo` VALUES (1, 2, 0, 1, '开胃菜', '', '', '', '', '<img alt="" src="/upload/other/images/20130830_025418.gif" style="width: 685px; height: 20px;" /><br />\r\n<img alt="" src="/upload/other/images/20130830_025417.gif" style="width: 680px; height: 300px;" /><br />\r\n<img alt="" src="/upload/other/images/20130830_025418(1).gif" style="width: 685px; height: 30px;" /><br />\r\n<img alt="" src="/upload/other/images/20130830_025417(1).gif" style="width: 194px; height: 38px;" /><br />\r\n<img alt="" src="/upload/other/images/20130830_025417.jpg" style="width: 660px; height: 816px;" /><br />\r\n', '', 1, 1, '2013-08-27 16:27:53', '2013-08-30 10:56:21', '0000-00-00 00:00:00', 0, 1);
INSERT INTO `productinfo` VALUES (2, 2, 0, 1, '料理', '', '', '', '', '<h2>\r\n	<img alt="" src="/upload/other/images/20130830_025418.gif" style="width: 685px; height: 20px;" /></h2>\r\n<img alt="" src="/upload/other/images/20130830_030413.jpg" style="width: 660px; height: 816px;" /><br />\r\n', '', 1, 1, '2013-08-30 10:59:17', '2013-08-30 11:04:20', '0000-00-00 00:00:00', 0, 2);
INSERT INTO `productinfo` VALUES (6, 2, 0, 1, '饭', '', '', '', '', '<img alt="" src="/upload/other/images/20130830_025418.gif" style="width: 685px; height: 20px;" /><br />\r\n<img alt="" src="/upload/other/images/20130830_064011.jpg" style="width: 660px; height: 816px;" /><br />\r\n', '', 1, 1, '2013-08-30 14:39:06', '2013-08-30 14:40:20', '0000-00-00 00:00:00', 0, 6);
INSERT INTO `productinfo` VALUES (7, 3, 0, 1, '酒水', '', '', '', '', '<img alt="" src="/upload/other/images/20130830_071006.gif" style="width: 685px; height: 30px;" /><br />\r\n<img alt="" src="/upload/other/images/20130830_071004.jpg" style="width: 650px; height: 1056px;" /><br />\r\n<br />\r\n<img alt="" src="/upload/other/images/20130830_071004(1).jpg" style="width: 650px; height: 1056px;" /><br />\r\n<br />\r\n<img alt="" src="/upload/other/images/20130830_071004(2).jpg" style="width: 650px; height: 1056px;" /><br />\r\n<br />\r\n<img alt="" src="/upload/other/images/20130830_071005.jpg" style="width: 650px; height: 1056px;" /><br />\r\n<br />\r\n<img alt="" src="/upload/other/images/20130830_071005(1).jpg" style="width: 650px; height: 1056px;" /><br />\r\n<br />\r\n<img alt="" src="/upload/other/images/20130830_071005(2).jpg" style="width: 650px; height: 1056px;" /><br />\r\n<br />\r\n<img alt="" src="/upload/other/images/20130830_071005(3).jpg" style="width: 650px; height: 1056px;" /><br />\r\n<br />\r\n<img alt="" src="/upload/other/images/20130830_071005(4).jpg" style="width: 650px; height: 1056px;" /><br />\r\n<br />\r\n<img alt="" src="/upload/other/images/20130830_071005(5).jpg" style="width: 650px; height: 1056px;" /><br />\r\n<br />\r\n<img alt="" src="/upload/other/images/20130830_071005(6).jpg" style="width: 650px; height: 1056px;" /><br />\r\n<br />\r\n', '', 1, 1, '2013-08-30 15:04:56', '2013-08-30 15:21:16', '0000-00-00 00:00:00', 0, 8);
INSERT INTO `productinfo` VALUES (8, 5, 0, 1, '时令推荐', '', '', '', '', '', '', 1, 1, '2013-08-30 15:24:16', '2013-11-03 15:56:53', '0000-00-00 00:00:00', 0, 7);
INSERT INTO `productinfo` VALUES (9, 6, 0, 1, '厨师推荐', '', '', '', '', '<p>\r\n	<img alt="" src="/upload/other/images/20131103_075854.jpg" style="width: 680px; height: 907px" /><img alt="" src="/upload/other/images/20131103_075848.jpg" style="width: 680px; height: 907px" /><img alt="" src="/upload/other/images/20131103_075851.jpg" style="width: 680px; height: 907px" /></p>\r\n', '', 1, 1, '2013-08-30 15:29:10', '2013-11-03 16:07:57', '0000-00-00 00:00:00', 0, 9);
INSERT INTO `productinfo` VALUES (10, 7, 0, 1, '面类', '', '', '', '', '<img alt="" src="/upload/other/images/20131103_050456.jpg" style="width: 680px; height: 962px" />', '', 1, 1, '2013-08-30 15:41:06', '2013-11-03 13:05:23', '0000-00-00 00:00:00', 0, 10);
INSERT INTO `productinfo` VALUES (12, 7, 0, 1, '日式定食', '', '', '', '', '<img alt="" src="/upload/other/images/20131103_061453.jpg" style="width: 680px; height: 962px" /><img alt="" src="/upload/other/images/20131103_061513.jpg" style="width: 680px; height: 962px" />', '', 1, 1, '2013-08-30 15:46:24', '2013-11-03 14:38:02', '0000-00-00 00:00:00', 0, 13);
INSERT INTO `productinfo` VALUES (13, 7, 0, 1, '西洋料理定食', '', '', '', '', '<img alt="" src="/upload/other/images/20131103_051125.jpg" style="width: 680px; height: 962px" />', '', 1, 1, '2013-08-30 15:50:53', '2013-11-03 14:36:15', '0000-00-00 00:00:00', 0, 12);
INSERT INTO `productinfo` VALUES (4, 2, 0, 1, '面', '', '', '', '', '<img alt="" src="/upload/other/images/20130830_025418.gif" style="width: 685px; height: 20px;" /><br />\r\n<img alt="" src="/upload/other/images/20130830_063646.jpg" style="width: 660px; height: 816px;" /><br />\r\n', '', 1, 1, '2013-08-30 14:36:14', '2013-08-30 14:37:02', '0000-00-00 00:00:00', 0, 4);
INSERT INTO `productinfo` VALUES (5, 2, 0, 1, '西餐', '', '', '', '', '<img alt="" src="/upload/other/images/20130830_025418.gif" style="width: 685px; height: 20px;" /><br />\r\n<img alt="" src="/upload/other/images/20130830_063832.jpg" style="width: 660px; height: 816px;" /><br />\r\n', '', 1, 1, '2013-08-30 14:37:27', '2013-08-30 14:38:37', '0000-00-00 00:00:00', 0, 5);
INSERT INTO `productinfo` VALUES (3, 2, 0, 1, '定食', '', '', '', '', '<img alt="" src="/upload/other/images/20130830_025418.gif" style="width: 685px; height: 20px;" /><br />\r\n<img alt="" src="/upload/other/images/20130830_030612.jpg" style="width: 660px; height: 816px;" /><br />\r\n', '', 1, 1, '2013-08-30 11:00:20', '2013-08-30 11:06:18', '0000-00-00 00:00:00', 0, 3);
INSERT INTO `productinfo` VALUES (72, 9, 0, 1, '铁板烧牛菲力定食', '', '', '', '', '<img alt="" src="/upload/other/images/20131103_083146.jpg" style="width: 680px; height: 885px" />', '', 1, 1, '2013-11-03 16:28:03', '2013-11-03 16:34:36', '0000-00-00 00:00:00', 0, 72);
INSERT INTO `productinfo` VALUES (75, 24, 0, 1, '铁板烧牛排•牛菲力', '', '', '', '', '<img alt="" src="/upload/other/images/20131103_091356.jpg" style="width: 680px; height: 885px" />', '', 1, 1, '2013-11-03 17:09:50', '2013-11-03 17:14:28', '0000-00-00 00:00:00', 0, 75);
INSERT INTO `productinfo` VALUES (76, 25, 0, 1, '蔬菜炒•烧&铁板炒饭•炒面', '', '', '', '', '<img alt="" src="/upload/other/images/20131103_092436.jpg" style="width: 680px; height: 885px" />', '', 1, 1, '2013-11-03 17:21:58', '2013-11-03 17:25:26', '0000-00-00 00:00:00', 0, 76);
INSERT INTO `productinfo` VALUES (77, 26, 0, 1, '铁板烧午餐定食', '', '', '', '', '<img alt="" src="/upload/other/images/20131103_093050.jpg" style="width: 680px; height: 885px" />', '', 1, 1, '2013-11-03 17:30:04', '2013-11-03 17:31:23', '0000-00-00 00:00:00', 0, 77);
INSERT INTO `productinfo` VALUES (78, 27, 0, 1, '开胃菜', '', '', '', '', '<img alt="" src="/upload/other/images/20131103_093557.jpg" style="width: 680px; height: 885px" />', '', 1, 1, '2013-11-03 17:31:37', '2013-11-03 17:39:51', '0000-00-00 00:00:00', 0, 78);
INSERT INTO `productinfo` VALUES (79, 28, 0, 1, '刺身•汤', '', '', '', '', '<img alt="" src="/upload/other/images/20131103_094444.jpg" style="width: 680px; height: 885px" />', '', 1, 1, '2013-11-03 17:32:05', '2013-11-03 17:45:34', '0000-00-00 00:00:00', 0, 79);
INSERT INTO `productinfo` VALUES (80, 20, 0, 1, '鉄板焼フィレ定食', '', '', '', '', '<img alt="" src="/upload/other/images/20131103_083146.jpg" style="width: 680px; height: 885px" />', '', 1, 1, '2013-11-03 18:19:52', '2013-11-03 18:27:17', '0000-00-00 00:00:00', 0, 80);
INSERT INTO `productinfo` VALUES (81, 21, 0, 1, '鉄板焼ロース定食', '', '', '', '', '<img alt="" src="/upload/other/images/20131103_083954.jpg" style="width: 680px; height: 885px" />', '', 1, 1, '2013-11-03 18:27:24', '2013-11-03 18:32:01', '0000-00-00 00:00:00', 0, 81);
INSERT INTO `productinfo` VALUES (82, 29, 0, 1, '高級黒毛牛', '', '', '', '', '<img alt="" src="/upload/other/images/20131103_084422.jpg" style="width: 680px; height: 885px" />', '', 1, 1, '2013-11-03 18:32:20', '2013-11-03 18:34:08', '0000-00-00 00:00:00', 0, 82);
INSERT INTO `productinfo` VALUES (83, 30, 0, 1, '海鮮鉄板焼', '', '', '', '', '<img alt="" src="/upload/other/images/20131103_140725.jpg" style="width: 680px; height: 885px" />', '', 1, 1, '2013-11-03 18:34:16', '2013-11-03 22:16:09', '0000-00-00 00:00:00', 0, 83);
INSERT INTO `productinfo` VALUES (84, 31, 0, 1, '鉄板焼ロースステーキ・フィレステーキ', '', '', '', '', '<img alt="" src="/upload/other/images/20131103_091356.jpg" style="width: 680px; height: 885px" /><img alt="" src="/upload/other/images/20131103_141916.jpg" style="width: 680px; height: 885px" />', '', 1, 1, '2013-11-03 22:16:34', '2013-11-03 22:22:44', '0000-00-00 00:00:00', 0, 84);
INSERT INTO `productinfo` VALUES (85, 32, 0, 1, '鉄板焼・焼野菜＆鉄板焼飯・焼面', '', '', '', '', '<img alt="" src="/upload/other/images/20131103_092436.jpg" style="width: 680px; height: 885px" />', '', 1, 1, '2013-11-03 22:23:19', '2013-11-03 22:31:27', '0000-00-00 00:00:00', 0, 85);
INSERT INTO `productinfo` VALUES (86, 33, 0, 1, '鉄板焼ランチ定食', '', '', '', '', '<img alt="" src="/upload/other/images/20131103_093050.jpg" style="width: 680px; height: 885px" />', '', 1, 1, '2013-11-03 22:31:31', '2013-11-03 22:35:04', '0000-00-00 00:00:00', 0, 86);
INSERT INTO `productinfo` VALUES (87, 34, 0, 1, '前菜', '', '', '', '', '<img alt="" src="/upload/other/images/20131103_093557.jpg" style="width: 680px; height: 885px" />', '', 1, 1, '2013-11-03 22:35:21', '2013-11-03 22:37:14', '0000-00-00 00:00:00', 0, 87);
INSERT INTO `productinfo` VALUES (88, 35, 0, 1, '御造り・スープ', '', '', '', '', '<img alt="" src="/upload/other/images/20131103_094444.jpg" style="width: 680px; height: 885px" />', '', 1, 1, '2013-11-03 22:37:43', '2013-11-03 22:39:16', '0000-00-00 00:00:00', 0, 88);
INSERT INTO `productinfo` VALUES (20, 10, 0, 1, '酒水', '', '', '', '', '<table align="center" border="0" cellpadding="0" cellspacing="0" id="table104" width="690">\r\n	<tbody>\r\n		<tr>\r\n			<td height="40">\r\n				<span style="padding-top:7"><img border="0" height="30" src="/inc/pics/tjheadmenu.gif" width="685" /></span></td>\r\n		</tr>\r\n		<tr>\r\n			<td>\r\n				<table align="center" border="0" cellpadding="0" cellspacing="0" id="table104" width="690">\r\n					<tbody>\r\n						<tr>\r\n							<td>\r\n								<img border="0" height="20" src="/inc/pics/ribenjiu.gif" width="150" /></td>\r\n						</tr>\r\n						<tr>\r\n							<td>\r\n								<table cellspacing="0" class="full" id="table251" width="659">\r\n									<tbody>\r\n										<tr>\r\n											<td height="18" width="9">\r\n												&nbsp;</td>\r\n											<td class="mate" height="18" width="153">\r\n												烧酒</td>\r\n											<td height="18" width="22">\r\n												&nbsp;</td>\r\n											<td height="18" width="119">\r\n												&nbsp;</td>\r\n											<td colspan="2" height="18">\r\n												&nbsp;</td>\r\n										</tr>\r\n										<tr>\r\n											<td height="18" width="9">\r\n												&nbsp;</td>\r\n											<td height="18" style="line-height:24px; color:#666" valign="top" width="153">\r\n												麦烧酒 100ml / 720ml<br />\r\n												神之河 100ml / 720ml<br />\r\n												白波 100ml / 900ml<br />\r\n												黑白波 100ml / 720ml<br />\r\n												优加麦烧酒 100ml / 720ml<br />\r\n												海童芋烧酒 100ml / 720ml<br />\r\n												佳之香 100ml / 720ml<br />\r\n												薩摩司 100ml / 720ml<br />\r\n												一番札 100ml / 720ml<br />\r\n												玄海 100ml / 700ml</td>\r\n											<td height="18" width="22">\r\n												&nbsp;</td>\r\n											<td height="18" style="line-height:24px; color:#666" valign="top" width="119">\r\n												<font face="宋体">￥</font>28/杯 <font face="宋体">￥</font>198/瓶<br />\r\n												<font face="宋体">￥</font>38/杯 <font face="宋体">￥</font>298/瓶<br />\r\n												<font face="宋体">￥</font>35/杯 <font face="宋体">￥</font>248/瓶<br />\r\n												<font face="宋体">￥</font>38/杯 <font face="宋体">￥</font>258/瓶<br />\r\n												<font face="宋体">￥</font>28/杯 <font face="宋体">￥</font>188/瓶<br />\r\n												<font face="宋体">￥</font>48/杯 <font face="宋体">￥</font>328/瓶<br />\r\n												<font face="宋体">￥</font>40/杯 <font face="宋体">￥</font>280/瓶<br />\r\n												<font face="宋体">￥</font>42/杯 <font face="宋体">￥</font>298/瓶<br />\r\n												<font face="宋体">￥</font>42/杯 <font face="宋体">￥</font>298/瓶<br />\r\n												<font face="宋体">￥</font>28/杯 <font face="宋体">￥</font>198/瓶</td>\r\n											<td height="18" width="19">\r\n												&nbsp;</td>\r\n											<td height="18" width="323">\r\n												<table border="0" cellpadding="1" cellspacing="0" id="table254" width="178">\r\n													<tbody>\r\n														<tr>\r\n															<td bgcolor="#CCCCCC">\r\n																<table border="0" cellpadding="1" cellspacing="0" id="table255" width="178">\r\n																	<tbody>\r\n																		<tr>\r\n																			<td bgcolor="#FFFFFF">\r\n																				<img border="0" height="404" src="/inc/pics/tbs123.gif" width="318" /></td>\r\n																		</tr>\r\n																	</tbody>\r\n																</table>\r\n															</td>\r\n														</tr>\r\n													</tbody>\r\n												</table>\r\n											</td>\r\n										</tr>\r\n										<tr>\r\n											<td colspan="6" height="18">\r\n												<img border="0" height="3" src="/inc/pics/steakline.gif" width="345" /></td>\r\n										</tr>\r\n									</tbody>\r\n								</table>\r\n							</td>\r\n						</tr>\r\n					</tbody>\r\n				</table>\r\n			</td>\r\n		</tr>\r\n	</tbody>\r\n</table>\r\n', '', 1, 1, '2013-08-30 17:31:49', '2013-08-30 18:09:51', '0000-00-00 00:00:00', 0, 20);
INSERT INTO `productinfo` VALUES (21, 11, 0, 1, '铁板烧牛排定食', '', '', '', '', '<br />\r\n<br />\r\n<br />\r\n<img alt="" src="/upload/other/images/20131103_083954.jpg" style="width: 680px; height: 885px" />', '', 1, 1, '2013-08-30 18:10:20', '2013-11-03 16:40:35', '0000-00-00 00:00:00', 0, 21);
INSERT INTO `productinfo` VALUES (73, 22, 0, 1, '高级黑毛牛', '', '', '', '', '<img alt="" src="/upload/other/images/20131103_084422.jpg" style="width: 680px; height: 885px" />', '', 1, 1, '2013-11-03 16:41:37', '2013-11-03 16:45:07', '0000-00-00 00:00:00', 0, 73);
INSERT INTO `productinfo` VALUES (74, 23, 0, 1, '海鲜铁板烧', '', '', '', '', '<img alt="" src="/upload/other/images/20131103_084422.jpg" style="width: 680px; height: 885px" />', '', 1, 1, '2013-11-03 17:01:56', '2013-11-03 17:06:35', '0000-00-00 00:00:00', 0, 74);
INSERT INTO `productinfo` VALUES (22, 13, 0, 1, '前菜', '', '', '', '', '<table align="center" border="0" cellpadding="0" cellspacing="0" id="table104" width="690">\r\n	<tbody>\r\n		<tr>\r\n			<td>\r\n				<img height="9" src="niminimi/space.gif" style="display: block" width="1" /><img border="0" height="20" src="/inc/pics/jpproduct/tjhead01.gif" width="685" />\r\n				<table border="0" cellpadding="0" cellspacing="0" height="100%" id="table105" width="512">\r\n					<!--DWLayoutTable-->\r\n					<tbody>\r\n						<tr>\r\n							<td colspan="6" height="307" style="padding-top:7" valign="top">\r\n								<img border="0" height="300" src="/inc/pics/jpproduct/kaiwei_h01.gif" width="680" /></td>\r\n						</tr>\r\n						<tr>\r\n							<td colspan="6" height="37" style="padding-top:7" valign="top">\r\n								<img border="0" height="30" src="/inc/pics/jpproduct/tjheadmenu.gif" width="685" /></td>\r\n						</tr>\r\n						<tr>\r\n							<td colspan="6" height="45" valign="top">\r\n								<div class="menuArea02">\r\n									<table border="0" cellpadding="0" cellspacing="0" id="table120" width="90%">\r\n										<tbody>\r\n											<tr>\r\n												<td>\r\n													<img alt="" height="38" src="/inc/pics/jpproduct/kaiwei_title01.gif" width="194" /></td>\r\n											</tr>\r\n										</tbody>\r\n									</table>\r\n								</div>\r\n							</td>\r\n						</tr>\r\n						<tr>\r\n							<td height="149" valign="top" width="195">\r\n								<table border="0" cellpadding="0" cellspacing="0" id="table198" width="79%">\r\n									<tbody>\r\n										<tr>\r\n											<td height="100" width="66%">\r\n												　</td>\r\n											<td align="right" rowspan="2" width="34%">\r\n												<table border="0" cellpadding="1" cellspacing="0" id="table199" width="178">\r\n													<tbody>\r\n														<tr>\r\n															<td bgcolor="#CCCCCC">\r\n																<table border="0" cellpadding="1" cellspacing="0" id="table200" width="178">\r\n																	<tbody>\r\n																		<tr>\r\n																			<td bgcolor="#FFFFFF">\r\n																				<img border="0" height="125" src="/inc/pics/jpproduct/francechang01.gif" width="178" /></td>\r\n																		</tr>\r\n																	</tbody>\r\n																</table>\r\n															</td>\r\n														</tr>\r\n													</tbody>\r\n												</table>\r\n											</td>\r\n										</tr>\r\n										<tr>\r\n											<td align="right" class="m">\r\n												　</td>\r\n										</tr>\r\n									</tbody>\r\n								</table>\r\n								　</td>\r\n							<td align="right" rowspan="3" valign="top" width="191">\r\n								<p align="left">\r\n									<font face="MS Gothic">日式鶏唐揚<br />\r\n									ハム盛合せ<br />\r\n									ポテトチーズ焼き<br />\r\n									点心盛合わせ<br />\r\n									フランクフルトソーセージ<br />\r\n									串カツ盛り合わせ<br />\r\n									牛肉のタタキサラダ仕立て<br />\r\n									チーズとトマトのサラダ<br />\r\n									牛肉豆腐<br />\r\n									イカ焼き<br />\r\n									冷奴<br />\r\n									枝豆<br />\r\n									イカげそ唐揚<br />\r\n									豚キムチ<br />\r\n									オニオンリングフライ </font></p>\r\n							</td>\r\n							<td align="right" rowspan="3" valign="top" width="61">\r\n								<p align="center">\r\n									<font face="宋体">￥</font>25<br />\r\n									<font face="宋体">￥</font>35<br />\r\n									<font face="宋体">￥</font>15<br />\r\n									<font face="宋体">￥</font>20<br />\r\n									<font face="宋体">￥</font>35<br />\r\n									<font face="宋体">￥</font>35<br />\r\n									<font face="宋体">￥</font>40<br />\r\n									<font face="宋体">￥</font>25<br />\r\n									<font face="宋体">￥</font>35<br />\r\n									<font face="宋体">￥</font>35<br />\r\n									<font face="宋体">￥</font>15<br />\r\n									<font face="宋体">￥</font>10<br />\r\n									<font face="宋体">￥</font>25<br />\r\n									<font face="宋体">￥</font>35<br />\r\n									<font face="宋体">￥</font>10</p>\r\n							</td>\r\n							<td width="31">\r\n								&nbsp;</td>\r\n							<td width="7">\r\n								&nbsp;</td>\r\n							<td align="right" valign="top" width="200">\r\n								<table border="0" cellpadding="0" cellspacing="0" id="table150" width="79%">\r\n									<!--DWLayoutTable-->\r\n									<tbody>\r\n										<tr>\r\n											<td height="100" width="66%">\r\n												　</td>\r\n											<td align="right" rowspan="2" width="34%">\r\n												<table border="0" cellpadding="1" cellspacing="0" id="table151" width="178">\r\n													<tbody>\r\n														<tr>\r\n															<td bgcolor="#CCCCCC">\r\n																<table border="0" cellpadding="1" cellspacing="0" id="table152" width="178">\r\n																	<tbody>\r\n																		<tr>\r\n																			<td bgcolor="#FFFFFF">\r\n																				<img border="0" height="125" src="/inc/pics/jpproduct/kw_pinpai01.gif" width="175" /></td>\r\n																		</tr>\r\n																	</tbody>\r\n																</table>\r\n															</td>\r\n														</tr>\r\n													</tbody>\r\n												</table>\r\n											</td>\r\n											<td width="173">\r\n												&nbsp;</td>\r\n										</tr>\r\n										<tr>\r\n											<td align="right" class="m" height="29">\r\n												　</td>\r\n											<td>\r\n												&nbsp;</td>\r\n										</tr>\r\n										<tr>\r\n											<td height="20">\r\n												&nbsp;</td>\r\n											<td>\r\n												&nbsp;</td>\r\n											<td>\r\n												&nbsp;</td>\r\n										</tr>\r\n									</tbody>\r\n								</table>\r\n							</td>\r\n						</tr>\r\n						<tr>\r\n							<td height="149" valign="top">\r\n								<table border="0" cellpadding="0" cellspacing="0" id="table204" width="79%">\r\n									<tbody>\r\n										<tr>\r\n											<td height="100" width="66%">\r\n												　</td>\r\n											<td align="right" rowspan="2" width="34%">\r\n												<table border="0" cellpadding="1" cellspacing="0" id="table205" width="178">\r\n													<tbody>\r\n														<tr>\r\n															<td bgcolor="#CCCCCC">\r\n																<table border="0" cellpadding="1" cellspacing="0" id="table206" width="178">\r\n																	<tbody>\r\n																		<tr>\r\n																			<td bgcolor="#FFFFFF">\r\n																				<img border="0" height="125" src="/inc/pics/jpproduct/kw_francchang01.gif" width="175" /></td>\r\n																		</tr>\r\n																	</tbody>\r\n																</table>\r\n															</td>\r\n														</tr>\r\n													</tbody>\r\n												</table>\r\n											</td>\r\n										</tr>\r\n										<tr>\r\n											<td align="right" class="m">\r\n												　</td>\r\n										</tr>\r\n									</tbody>\r\n								</table>\r\n								　</td>\r\n							<td>\r\n								&nbsp;</td>\r\n							<td align="right" colspan="2" valign="top">\r\n								<table border="0" cellpadding="0" cellspacing="0" id="table216" width="79%">\r\n									<!--DWLayoutTable-->\r\n									<tbody>\r\n										<tr>\r\n											<td width="7">\r\n												&nbsp;</td>\r\n											<td height="100" width="66%">\r\n												　</td>\r\n											<td align="right" rowspan="2" width="34%">\r\n												<table border="0" cellpadding="1" cellspacing="0" id="table217" width="178">\r\n													<tbody>\r\n														<tr>\r\n															<td bgcolor="#CCCCCC">\r\n																<table border="0" cellpadding="1" cellspacing="0" id="table218" width="178">\r\n																	<tbody>\r\n																		<tr>\r\n																			<td bgcolor="#FFFFFF">\r\n																				<img border="0" height="125" src="/inc/pics/jpproduct/kw_doufu01.gif" width="175" /></td>\r\n																		</tr>\r\n																	</tbody>\r\n																</table>\r\n															</td>\r\n														</tr>\r\n													</tbody>\r\n												</table>\r\n											</td>\r\n											<td width="173">\r\n												&nbsp;</td>\r\n										</tr>\r\n										<tr>\r\n											<td>\r\n												&nbsp;</td>\r\n											<td align="right" class="m" height="29">\r\n												　</td>\r\n											<td>\r\n												&nbsp;</td>\r\n										</tr>\r\n										<tr>\r\n											<td>\r\n												&nbsp;</td>\r\n											<td height="20">\r\n												&nbsp;</td>\r\n											<td>\r\n												&nbsp;</td>\r\n											<td>\r\n												&nbsp;</td>\r\n										</tr>\r\n									</tbody>\r\n								</table>\r\n							</td>\r\n						</tr>\r\n						<tr>\r\n							<td height="149" valign="top">\r\n								<table border="0" cellpadding="0" cellspacing="0" id="table210" width="79%">\r\n									<tbody>\r\n										<tr>\r\n											<td height="100" width="66%">\r\n												　</td>\r\n											<td align="right" rowspan="2" width="34%">\r\n												<table border="0" cellpadding="1" cellspacing="0" id="table211" width="178">\r\n													<tbody>\r\n														<tr>\r\n															<td bgcolor="#CCCCCC">\r\n																<table border="0" cellpadding="1" cellspacing="0" id="table212" width="178">\r\n																	<tbody>\r\n																		<tr>\r\n																			<td bgcolor="#FFFFFF">\r\n																				<img border="0" height="125" src="/inc/pics/jpproduct/kw_sela01.gif" width="175" /></td>\r\n																		</tr>\r\n																	</tbody>\r\n																</table>\r\n															</td>\r\n														</tr>\r\n													</tbody>\r\n												</table>\r\n											</td>\r\n										</tr>\r\n										<tr>\r\n											<td align="right" class="m">\r\n												　</td>\r\n										</tr>\r\n									</tbody>\r\n								</table>\r\n								　</td>\r\n							<td>\r\n								&nbsp;</td>\r\n							<td align="right" colspan="2" valign="top">\r\n								<table border="0" cellpadding="0" cellspacing="0" id="table222" width="79%">\r\n									<!--DWLayoutTable-->\r\n									<tbody>\r\n										<tr>\r\n											<td width="7">\r\n												&nbsp;</td>\r\n											<td height="100" width="66%">\r\n												　</td>\r\n											<td align="right" rowspan="2" width="34%">\r\n												<table border="0" cellpadding="1" cellspacing="0" id="table223" width="178">\r\n													<tbody>\r\n														<tr>\r\n															<td bgcolor="#CCCCCC">\r\n																<table border="0" cellpadding="1" cellspacing="0" id="table224" width="178">\r\n																	<tbody>\r\n																		<tr>\r\n																			<td bgcolor="#FFFFFF">\r\n																				<img border="0" height="125" src="/inc/pics/jpproduct/kw_niudoufu01.gif" width="175" /></td>\r\n																		</tr>\r\n																	</tbody>\r\n																</table>\r\n															</td>\r\n														</tr>\r\n													</tbody>\r\n												</table>\r\n											</td>\r\n											<td width="173">\r\n												&nbsp;</td>\r\n										</tr>\r\n										<tr>\r\n											<td>\r\n												&nbsp;</td>\r\n											<td align="right" class="m">\r\n												　</td>\r\n											<td>\r\n												&nbsp;</td>\r\n										</tr>\r\n										<tr>\r\n											<td>\r\n												&nbsp;</td>\r\n											<td height="20">\r\n												&nbsp;</td>\r\n											<td>\r\n												&nbsp;</td>\r\n											<td>\r\n												&nbsp;</td>\r\n										</tr>\r\n									</tbody>\r\n								</table>\r\n							</td>\r\n						</tr>\r\n						<tr>\r\n							<td colspan="6" height="193" valign="top">\r\n								<div class="menuArea02">\r\n									<table border="0" cellpadding="0" cellspacing="0" height="10" id="table123" width="79%">\r\n										<tbody>\r\n											<tr>\r\n												<td>\r\n													<p align="center">\r\n														<img align="left" border="0" height="160" src="/inc/pics/jpproduct/kw_muyu01.gif" width="570" /></p>\r\n												</td>\r\n											</tr>\r\n											<tr>\r\n												<td>\r\n													　</td>\r\n											</tr>\r\n											<tr>\r\n												<td>\r\n													<img border="0" height="3" src="/inc/pics/jpproduct/allline.gif" width="685" /></td>\r\n											</tr>\r\n										</tbody>\r\n									</table>\r\n									<table border="0" cellpadding="0" cellspacing="0" height="10" id="table129" width="79%">\r\n										<tbody>\r\n											<tr>\r\n												<td>\r\n													<img border="0" height="3" src="/inc/pics/jpproduct/allline.gif" width="685" /></td>\r\n											</tr>\r\n										</tbody>\r\n									</table>\r\n								</div>\r\n							</td>\r\n						</tr>\r\n					</tbody>\r\n				</table>\r\n			</td>\r\n		</tr>\r\n	</tbody>\r\n</table>\r\n', '', 1, 1, '2013-09-06 14:28:38', '2013-09-06 14:37:49', '0000-00-00 00:00:00', 0, 22);
INSERT INTO `productinfo` VALUES (23, 13, 0, 1, '料理', '', '', '', '', '<table align="center" border="0" cellpadding="0" cellspacing="0" id="table104" width="690">\r\n	<tbody>\r\n		<tr>\r\n			<td>\r\n				<img height="9" src="/inc/pics/jpproduct/space.gif" style="display: block" width="1" /><img border="0" height="20" src="/inc/pics/jpproduct/tjhead01.gif" width="685" />\r\n				<table border="0" cellpadding="0" cellspacing="0" height="100%" id="table105" width="512">\r\n					<tbody>\r\n						<tr>\r\n							<td style="padding-top:7" valign="top" width="654">\r\n								<img border="0" height="300" src="/inc/pics/jpproduct/liaoli_h01.gif" width="680" /></td>\r\n						</tr>\r\n						<tr>\r\n							<td style="padding-top:7" valign="top" width="512">\r\n								<img border="0" height="30" src="/inc/pics/jpproduct/tjheadmenu.gif" width="685" /></td>\r\n						</tr>\r\n						<tr>\r\n							<td style="padding-top:7" valign="top" width="512">\r\n								<div class="menuArea02">\r\n									<table border="0" cellpadding="0" cellspacing="0" id="table216" width="98%">\r\n										<tbody>\r\n											<tr>\r\n												<td>\r\n													<img alt="" height="38" src="/inc/pics/jpproduct/liaoli_title04.gif" width="194" /></td>\r\n											</tr>\r\n										</tbody>\r\n									</table>\r\n									<table border="0" cellpadding="0" cellspacing="0" height="97" id="table217" width="100%">\r\n										<!--DWLayoutTable-->\r\n										<tbody>\r\n											<tr>\r\n												<td height="128" valign="top" width="160">\r\n													<font face="MS Gothic">チキンてりやきステーキ<br />\r\n													豚ロースカツ<br />\r\n													牛フィレカツ<br />\r\n													豚ロースの生姜焼<br />\r\n													牛肉の赤ワイン煮 </font></td>\r\n												<td align="right" valign="top" width="74">\r\n													　</td>\r\n												<td align="right" valign="top" width="60">\r\n													<p align="center">\r\n														<font face="宋体">￥</font>38<br />\r\n														<font face="宋体">￥</font>38<br />\r\n														<font face="宋体">￥</font>58<br />\r\n														<font face="宋体">￥</font>38<br />\r\n														<font face="宋体">￥</font>68</p>\r\n												</td>\r\n												<td align="right" rowspan="2" valign="top" width="209">\r\n													<table border="0" cellpadding="0" cellspacing="0" id="table218" width="79%">\r\n														<tbody>\r\n															<tr>\r\n																<td height="100" width="66%">\r\n																	　</td>\r\n																<td align="right" rowspan="2" width="34%">\r\n																	<table border="0" cellpadding="1" cellspacing="0" id="table219" width="178">\r\n																		<tbody>\r\n																			<tr>\r\n																				<td bgcolor="#CCCCCC">\r\n																					<table border="0" cellpadding="1" cellspacing="0" id="table220" width="178">\r\n																						<tbody>\r\n																							<tr>\r\n																								<td bgcolor="#FFFFFF">\r\n																									<img border="0" height="125" src="/inc/pics/jpproduct/liaoli_jrnms.gif" width="178" /></td>\r\n																							</tr>\r\n																						</tbody>\r\n																					</table>\r\n																				</td>\r\n																			</tr>\r\n																		</tbody>\r\n																	</table>\r\n																</td>\r\n															</tr>\r\n															<tr>\r\n																<td align="right" class="m">\r\n																	　</td>\r\n															</tr>\r\n														</tbody>\r\n													</table>\r\n												</td>\r\n												<td width="9">\r\n													&nbsp;</td>\r\n											</tr>\r\n											<tr>\r\n												<td height="1">\r\n													&nbsp;</td>\r\n												<td>\r\n													&nbsp;</td>\r\n												<td>\r\n													&nbsp;</td>\r\n												<td>\r\n													&nbsp;</td>\r\n											</tr>\r\n										</tbody>\r\n									</table>\r\n									<table border="0" cellpadding="0" cellspacing="0" height="10" id="table221" width="79%">\r\n										<tbody>\r\n											<tr>\r\n												<td>\r\n													<img border="0" height="3" src="/inc/pics/jpproduct/allline.gif" width="685" /></td>\r\n											</tr>\r\n										</tbody>\r\n									</table>\r\n								</div>\r\n							</td>\r\n						</tr>\r\n					</tbody>\r\n				</table>\r\n			</td>\r\n		</tr>\r\n	</tbody>\r\n</table>\r\n', '', 1, 1, '2013-09-06 14:38:58', '2013-09-06 14:44:06', '0000-00-00 00:00:00', 0, 23);
INSERT INTO `productinfo` VALUES (24, 13, 0, 1, '定食', '', '', '', '', '<table align="center" border="0" cellpadding="0" cellspacing="0" id="table104" width="690">\r\n	<!--DWLayoutTable-->\r\n	<tbody>\r\n		<tr>\r\n			<td width="691">\r\n				<img border="0" height="20" src="/inc/pics/jpproduct/tjhead01.gif" width="685" /></td>\r\n		</tr>\r\n		<tr>\r\n			<td height="313">\r\n				<img border="0" height="300" src="/inc/pics/jpproduct/set_top.gif" width="680" /></td>\r\n		</tr>\r\n		<tr>\r\n			<td height="398" valign="top">\r\n				<table border="0" cellpadding="0" cellspacing="0" id="table201" width="98%">\r\n					<!--DWLayoutTable-->\r\n					<tbody>\r\n						<tr>\r\n							<td height="397" valign="top" width="691">\r\n								<table cellspacing="0" class="full" id="table204" width="675">\r\n									<!--DWLayoutTable-->\r\n									<tbody>\r\n										<tr>\r\n											<td height="373" valign="top" width="685">\r\n												<div class="grand_cont">\r\n													<table cellpadding="0" cellspacing="0" class="mar_T20" id="table219" width="592">\r\n														<tbody>\r\n															<tr>\r\n																<td>\r\n																	<img border="0" height="30" src="/inc/pics/jpproduct/tjheadmenu.gif" width="685" /></td>\r\n															</tr>\r\n														</tbody>\r\n													</table>\r\n												</div>\r\n												<table cellpadding="0" cellspacing="0" class="mar_T20" id="table227" width="592">\r\n													<tbody>\r\n														<tr>\r\n															<td>\r\n																<img border="0" height="3" src="/inc/pics/jpproduct/allline.gif" width="685" /></td>\r\n														</tr>\r\n														<tr>\r\n															<td>\r\n																<img alt="" height="20" src="/inc/pics/jpproduct/spacer.gif" width="1" /><img alt="" height="38" src="/inc/pics/jpproduct/set_title02.gif" width="194" /></td>\r\n														</tr>\r\n													</tbody>\r\n												</table>\r\n												<table cellpadding="0" cellspacing="0" height="126" id="table228" width="622">\r\n													<tbody>\r\n														<tr>\r\n															<td rowspan="3">\r\n																<p align="left" class="mar_B10">\r\n																	<font face="MS Gothic">すき焼き定食<br />\r\n																	焼肉定食<br />\r\n																	てりやきステーキ定食<br />\r\n																	カツとじ定食<br />\r\n																	海老とんかつ定食<br />\r\n																	とんかつ定食<br />\r\n																	豚ロース生姜焼定食<br />\r\n																	天ぷら定食<br />\r\n																	海老フライ定食<br />\r\n																	お刺身定食<br />\r\n																	焼魚定食(秋刀魚 鯖 鮭)<br />\r\n																	煮魚定食(鯖 鯛) </font></p>\r\n															</td>\r\n															<td rowspan="3" width="69">\r\n																<font face="宋体">￥</font>78<br />\r\n																<font face="宋体">￥</font>68<br />\r\n																<font face="宋体">￥</font>88<br />\r\n																<font face="宋体">￥</font>58<br />\r\n																<font face="宋体">￥</font>88<br />\r\n																<font face="宋体">￥</font>58<br />\r\n																<font face="宋体">￥</font>55<br />\r\n																<font face="宋体">￥</font>78<br />\r\n																<font face="宋体">￥</font>68<br />\r\n																<font face="宋体">￥</font>78<br />\r\n																<font face="宋体">￥</font>48<br />\r\n																<font face="宋体">￥</font>48</td>\r\n															<td width="196">\r\n																<table border="0" cellpadding="1" cellspacing="0" id="table312" width="178">\r\n																	<tbody>\r\n																		<tr>\r\n																			<td bgcolor="#CCCCCC">\r\n																				<table border="0" cellpadding="1" cellspacing="0" id="table313" width="178">\r\n																					<tbody>\r\n																						<tr>\r\n																							<td bgcolor="#FFFFFF">\r\n																								<img border="0" height="125" src="/inc/pics/jpproduct/set_stianfu01.gif" width="178" /></td>\r\n																						</tr>\r\n																					</tbody>\r\n																				</table>\r\n																			</td>\r\n																		</tr>\r\n																	</tbody>\r\n																</table>\r\n															</td>\r\n														</tr>\r\n														<tr>\r\n															<td height="146" width="196">\r\n																<table border="0" cellpadding="1" cellspacing="0" id="table314" width="178">\r\n																	<tbody>\r\n																		<tr>\r\n																			<td bgcolor="#CCCCCC">\r\n																				<table border="0" cellpadding="1" cellspacing="0" id="table315" width="178">\r\n																					<tbody>\r\n																						<tr>\r\n																							<td bgcolor="#FFFFFF">\r\n																								<img border="0" height="125" src="/inc/pics/jpproduct/set_slubu01.gif" width="178" /></td>\r\n																						</tr>\r\n																					</tbody>\r\n																				</table>\r\n																			</td>\r\n																		</tr>\r\n																	</tbody>\r\n																</table>\r\n															</td>\r\n														</tr>\r\n													</tbody>\r\n												</table>\r\n											</td>\r\n										</tr>\r\n										<tr>\r\n											<td height="22" valign="top">\r\n												<!--DWLayoutEmptyCell--></td>\r\n										</tr>\r\n									</tbody>\r\n								</table>\r\n							</td>\r\n						</tr>\r\n					</tbody>\r\n				</table>\r\n			</td>\r\n		</tr>\r\n	</tbody>\r\n</table>\r\n<br />\r\n', '', 1, 1, '2013-09-06 14:56:28', '2013-09-06 15:01:44', '0000-00-00 00:00:00', 0, 24);
INSERT INTO `productinfo` VALUES (25, 13, 0, 1, 'ヌードル', '', '', '', '', '<table align="center" border="0" cellpadding="0" cellspacing="0" id="table104" width="690">\r\n	<tbody>\r\n		<tr>\r\n			<td>\r\n				<img border="0" height="20" src="/inc/pics/jpproduct/tjhead01.gif" width="685" />\r\n				<table border="0" cellpadding="0" cellspacing="0" height="100%" id="table105" width="512">\r\n					<tbody>\r\n						<tr>\r\n							<td style="padding-top:7" valign="top" width="654">\r\n								<img border="0" height="385" src="/inc/pics/jpproduct/nodelheader01.gif" width="680" /></td>\r\n						</tr>\r\n						<tr>\r\n							<td style="padding-top:7" valign="top" width="512">\r\n								<img border="0" height="30" src="/inc/pics/jpproduct/tjheadmenu.gif" width="685" /></td>\r\n						</tr>\r\n						<tr>\r\n							<td style="padding-top:7" valign="top" width="512">\r\n								<div class="menuArea02">\r\n									<table border="0" cellpadding="0" cellspacing="0" id="table120" width="98%">\r\n										<tbody>\r\n											<tr>\r\n												<td>\r\n													<img alt="" height="38" src="/inc/pics/jpproduct/noodel_title01.gif" width="194" /></td>\r\n											</tr>\r\n										</tbody>\r\n									</table>\r\n									<table border="0" cellpadding="0" cellspacing="0" height="97" id="table122" width="100%">\r\n										<!--DWLayoutTable-->\r\n										<tbody>\r\n											<tr>\r\n												<td rowspan="2" valign="top" width="189">\r\n													<font face="MS Gothic">ミートソース<br />\r\n													カルボナーラ<br />\r\n													スパゲッティーアラビアータ<br />\r\n													和風スパゲティー<br />\r\n													マカロニと海老のグラタン </font></td>\r\n												<td align="right" rowspan="2" valign="top" width="56">\r\n													　</td>\r\n												<td align="right" rowspan="2" valign="top" width="155">\r\n													<p align="center">\r\n														<font face="宋体">￥</font>35<br />\r\n														<font face="宋体">￥</font>35<br />\r\n														<font face="宋体">￥</font>35<br />\r\n														<font face="宋体">￥</font>38<br />\r\n														<font face="宋体">￥</font>48</p>\r\n												</td>\r\n												<td height="100" width="24">\r\n													&nbsp;</td>\r\n												<td align="right" valign="top" width="88">\r\n													<table border="0" cellpadding="0" cellspacing="0" id="table150" width="79%">\r\n														<!--DWLayoutTable-->\r\n														<tbody>\r\n															<tr>\r\n																<td height="100" width="58">\r\n																	　</td>\r\n																<td width="30">\r\n																	&nbsp;</td>\r\n															</tr>\r\n														</tbody>\r\n													</table>\r\n												</td>\r\n											</tr>\r\n											<tr>\r\n												<td height="10">\r\n													&nbsp;</td>\r\n												<td>\r\n													&nbsp;</td>\r\n											</tr>\r\n										</tbody>\r\n									</table>\r\n									<table border="0" cellpadding="0" cellspacing="0" height="10" id="table123" width="79%">\r\n										<tbody>\r\n											<tr>\r\n												<td>\r\n													<img border="0" height="3" src="/inc/pics/jpproduct/allline.gif" width="685" /></td>\r\n											</tr>\r\n										</tbody>\r\n									</table>\r\n								</div>\r\n							</td>\r\n						</tr>\r\n					</tbody>\r\n				</table>\r\n			</td>\r\n		</tr>\r\n	</tbody>\r\n</table>\r\n', '', 1, 1, '2013-09-06 15:05:25', '2013-09-06 15:06:08', '0000-00-00 00:00:00', 0, 25);
INSERT INTO `productinfo` VALUES (26, 13, 0, 1, '西洋料理', '', '', '', '', '<table align="center" border="0" cellpadding="0" cellspacing="0" id="table104" width="690">\r\n	<tbody>\r\n		<tr>\r\n			<td>\r\n				<img border="0" height="20" src="/inc/pics/jpproduct/tjhead01.gif" width="685" /></td>\r\n		</tr>\r\n		<tr>\r\n			<td>\r\n				<table border="0" cellpadding="0" cellspacing="0" id="table201" width="98%">\r\n					<tbody>\r\n						<tr>\r\n							<td>\r\n								<table cellspacing="0" class="full" id="table204" width="675">\r\n									<tbody>\r\n										<tr>\r\n											<td>\r\n												<div class="grand_cont">\r\n													<table cellpadding="0" cellspacing="0" class="mar_T20" id="table219" width="592">\r\n														<tbody>\r\n															<tr>\r\n																<td>\r\n																	<img alt="" height="20" src="/inc/pics/jpproduct/spacer.gif" width="1" /><img alt="" height="38" src="/inc/pics/jpproduct/westfood_title01.gif" width="194" /></td>\r\n															</tr>\r\n														</tbody>\r\n													</table>\r\n													<table class="grand_tbl" id="table269" width="639">\r\n														<!--DWLayoutTable-->\r\n														<tbody>\r\n															<tr>\r\n																<td height="22" width="200">\r\n																	　</td>\r\n																<td rowspan="5" width="12">\r\n																	　</td>\r\n																<td width="211">\r\n																	　</td>\r\n																<td colspan="2">\r\n																	　</td>\r\n															</tr>\r\n															<tr>\r\n																<td height="131">\r\n																	<table border="0" cellpadding="1" cellspacing="0" id="table270" width="178">\r\n																		<tbody>\r\n																			<tr>\r\n																				<td bgcolor="#CCCCCC">\r\n																					<table border="0" cellpadding="1" cellspacing="0" id="table271" width="178">\r\n																						<tbody>\r\n																							<tr>\r\n																								<td bgcolor="#FFFFFF">\r\n																									<img alt="ガーデンサラダ" height="125" src="/inc/pics/jpproduct/westfood_ssal01.gif" width="178" /></td>\r\n																							</tr>\r\n																						</tbody>\r\n																					</table>\r\n																				</td>\r\n																			</tr>\r\n																		</tbody>\r\n																	</table>\r\n																</td>\r\n																<td>\r\n																	<table border="0" cellpadding="1" cellspacing="0" id="table278" width="178">\r\n																		<tbody>\r\n																			<tr>\r\n																				<td bgcolor="#CCCCCC">\r\n																					<table border="0" cellpadding="1" cellspacing="0" id="table279" width="178">\r\n																						<tbody>\r\n																							<tr>\r\n																								<td bgcolor="#FFFFFF">\r\n																									<img alt="ガーデンサラダ" height="125" src="/inc/pics/jpproduct/westfood_ssal04.gif" width="178" /></td>\r\n																							</tr>\r\n																						</tbody>\r\n																					</table>\r\n																				</td>\r\n																			</tr>\r\n																		</tbody>\r\n																	</table>\r\n																</td>\r\n																<td valign="top" width="130">\r\n																	<font face="MS Gothic">季節野菜サラダ<br />\r\n																	ベーコンサラダ<br />\r\n																	グリーンサラダ &nbsp;&nbsp;&nbsp;&nbsp;&nbsp;&nbsp;&nbsp;&nbsp; </font></td>\r\n																<td valign="top" width="50">\r\n																	<p>\r\n																		<font face="宋体">￥</font>25<br />\r\n																		<font face="宋体">￥</font>25<br />\r\n																		<font face="宋体">￥</font>15</p>\r\n																</td>\r\n															</tr>\r\n															<tr>\r\n																<td class="txt_box" height="22">\r\n																	　</td>\r\n																<td class="txt_box">\r\n																	　</td>\r\n																<td class="txt_box" colspan="2">\r\n																	　</td>\r\n															</tr>\r\n															<tr>\r\n																<td height="131">\r\n																	<table border="0" cellpadding="1" cellspacing="0" id="table274" width="178">\r\n																		<tbody>\r\n																			<tr>\r\n																				<td bgcolor="#CCCCCC">\r\n																					<table border="0" cellpadding="1" cellspacing="0" id="table275" width="178">\r\n																						<tbody>\r\n																							<tr>\r\n																								<td bgcolor="#FFFFFF">\r\n																									<img border="0" height="125" src="/inc/pics/jpproduct/westfood_ssal02.gif" width="178" /></td>\r\n																							</tr>\r\n																						</tbody>\r\n																					</table>\r\n																				</td>\r\n																			</tr>\r\n																		</tbody>\r\n																	</table>\r\n																</td>\r\n																<td>\r\n																	<table border="0" cellpadding="1" cellspacing="0" id="table280" width="178">\r\n																		<tbody>\r\n																			<tr>\r\n																				<td bgcolor="#CCCCCC">\r\n																					<table border="0" cellpadding="1" cellspacing="0" id="table281" width="178">\r\n																						<tbody>\r\n																							<tr>\r\n																								<td bgcolor="#FFFFFF">\r\n																									<img border="0" height="125" src="/inc/pics/jpproduct/westfood_ssal05.gif" width="178" /></td>\r\n																							</tr>\r\n																						</tbody>\r\n																					</table>\r\n																				</td>\r\n																			</tr>\r\n																		</tbody>\r\n																	</table>\r\n																</td>\r\n																<td valign="top">\r\n																	<font face="MS Gothic">シーフードサラダ<br />\r\n																	イタリアンシェフサラダ<br />\r\n																	ファミリーサラダ</font></td>\r\n																<td valign="top" width="50">\r\n																	<p>\r\n																		<font face="宋体">￥</font>65<br />\r\n																		<font face="宋体">￥</font>38<br />\r\n																		<font face="宋体">￥</font>48</p>\r\n																</td>\r\n															</tr>\r\n															<tr>\r\n																<td class="txt_box" height="22">\r\n																	　</td>\r\n																<td class="txt_box">\r\n																	　</td>\r\n																<td class="txt_box" colspan="2">\r\n																	　</td>\r\n															</tr>\r\n														</tbody>\r\n													</table>\r\n												</div>\r\n												<div class="grand_cont">\r\n													<table cellpadding="0" cellspacing="0" class="mar_T20" id="table219" width="592">\r\n														<!--DWLayoutTable-->\r\n														<tbody>\r\n															<tr>\r\n																<td colspan="3" height="230">\r\n																	<p>\r\n																		<img height="230" src="/inc/pics/jpproduct/ミネストローネ.jpg" width="673" /></p>\r\n																</td>\r\n															</tr>\r\n															<tr>\r\n																<td height="80" width="4">\r\n																	&nbsp;</td>\r\n																<td valign="top" width="490">\r\n																	コーンスープ<br />\r\n																	ミネストローネ<br />\r\n																	中華風ワンタンスープ<br />\r\n																	蟹とフカヒレ中華スープ</td>\r\n																<td valign="top" width="173">\r\n																	<font face="宋体">￥</font>18<br />\r\n																	<font face="宋体">￥</font>23<br />\r\n																	<font face="宋体">￥</font>23<br />\r\n																	<font face="宋体">￥</font>35</td>\r\n															</tr>\r\n															<tr>\r\n																<td colspan="3" height="20" valign="top">\r\n																	<img alt="" height="20" src="../../../New_Folder/spacer.gif" width="1" /></td>\r\n															</tr>\r\n														</tbody>\r\n													</table>\r\n												</div>\r\n											</td>\r\n										</tr>\r\n									</tbody>\r\n								</table>\r\n								<table cellspacing="0" class="full" id="table218" width="675">\r\n									<tbody>\r\n										<tr>\r\n											<td>\r\n												<img border="0" height="3" src="/inc/pics/jpproduct/allline.gif" width="685" /></td>\r\n										</tr>\r\n									</tbody>\r\n								</table>\r\n							</td>\r\n						</tr>\r\n					</tbody>\r\n				</table>\r\n			</td>\r\n		</tr>\r\n	</tbody>\r\n</table>\r\n', '', 1, 1, '2013-09-06 15:16:38', '2013-09-06 15:18:34', '0000-00-00 00:00:00', 0, 26);
INSERT INTO `productinfo` VALUES (27, 13, 0, 1, 'ご飯', '', '', '', '', '<div class="grand_cont">\r\n	<table cellpadding="0" cellspacing="0" class="mar_T20" id="table219" width="592">\r\n		<tbody>\r\n			<tr>\r\n				<td>\r\n					<img alt="" height="38" src="/inc/pics/jpproduct/rice_title01.gif" width="194" /></td>\r\n			</tr>\r\n		</tbody>\r\n	</table>\r\n	<table cellpadding="0" cellspacing="0" id="table220" width="612">\r\n		<!--DWLayoutTable-->\r\n		<tbody>\r\n			<tr>\r\n				<td height="165" width="206">\r\n					<table border="0" cellpadding="1" cellspacing="0" id="table237" width="178">\r\n						<tbody>\r\n							<tr>\r\n								<td bgcolor="#CCCCCC">\r\n									<table border="0" cellpadding="1" cellspacing="0" id="table238" width="178">\r\n										<tbody>\r\n											<tr>\r\n												<td bgcolor="#FFFFFF">\r\n													<img border="0" height="155" src="/inc/pics/jpproduct/rice_sxuan01.gif" width="200" /></td>\r\n											</tr>\r\n										</tbody>\r\n									</table>\r\n								</td>\r\n							</tr>\r\n						</tbody>\r\n					</table>\r\n				</td>\r\n				<td rowspan="2" width="52">\r\n					<img alt="" height="1" src="/inc/pics/jpproduct/spacer.gif" width="25" /></td>\r\n				<td rowspan="2" valign="top" width="183">\r\n					<font face="MS Gothic">チキンピラフ<br />\r\n					石焼ビビンパ<br />\r\n					特製ビーフカレー<br />\r\n					カツカレー<br />\r\n					石焼鶏カレー<br />\r\n					ドライカレー<br />\r\n					カレードリア </font></td>\r\n				<td rowspan="2" width="53">\r\n					<img alt="" height="1" src="/inc/pics/jpproduct/spacer.gif" width="21" /></td>\r\n				<td rowspan="2" valign="top" width="108">\r\n					<font face="宋体">￥</font>35<br />\r\n					<font face="宋体">￥</font>38<br />\r\n					<font face="宋体">￥</font>38<br />\r\n					<font face="宋体">￥</font>45<br />\r\n					<font face="宋体">￥</font>45<br />\r\n					<font face="宋体">￥</font>45<br />\r\n					<font face="宋体">￥</font>38</td>\r\n			</tr>\r\n			<tr>\r\n				<td height="20">\r\n					<p align="left" class="mar_B10">\r\n						　</p>\r\n				</td>\r\n			</tr>\r\n		</tbody>\r\n	</table>\r\n</div>\r\n', '', 1, 1, '2013-09-06 15:19:07', '2013-09-06 15:23:16', '0000-00-00 00:00:00', 0, 27);
INSERT INTO `productinfo` VALUES (28, 14, 0, 1, 'お酒', '', '', '', '', '<img alt="" src="/inc/pics/jpproduct/tjheadmenu.gif" style="width: 685px; height: 30px;" /><br />\r\n<img alt="" src="/upload/other/images/20130830_071004.jpg" style="width: 650px; height: 1056px;" /><br />\r\n<br />\r\n<img alt="" src="/upload/other/images/20130830_071004(1).jpg" style="width: 650px; height: 1056px;" /><br />\r\n<br />\r\n<img alt="" src="/upload/other/images/20130830_071004(2).jpg" style="width: 650px; height: 1056px;" /><br />\r\n<br />\r\n<img alt="" src="/upload/other/images/20130830_071005.jpg" style="width: 650px; height: 1056px;" /><br />\r\n<br />\r\n<img alt="" src="/upload/other/images/20130830_071005(1).jpg" style="width: 650px; height: 1056px;" /><br />\r\n<br />\r\n<img alt="" src="/upload/other/images/20130830_071005(2).jpg" style="width: 650px; height: 1056px;" /><br />\r\n<br />\r\n<img alt="" src="/upload/other/images/20130830_071005(3).jpg" style="width: 650px; height: 1056px;" /><br />\r\n<br />\r\n<img alt="" src="/upload/other/images/20130830_071005(4).jpg" style="width: 650px; height: 1056px;" /><br />\r\n<br />\r\n<img alt="" src="/upload/other/images/20130830_071005(5).jpg" style="width: 650px; height: 1056px;" /><br />\r\n<br />\r\n<img alt="" src="/upload/other/images/20130830_071005(6).jpg" style="width: 650px; height: 1056px;" /><br />\r\n<br />\r\n', '', 1, 1, '2013-09-06 15:23:19', '2013-09-06 15:30:50', '0000-00-00 00:00:00', 0, 28);
INSERT INTO `productinfo` VALUES (29, 15, 0, 1, '季節のおすすめ', '', '', '', '', '<br />\r\n<br />\r\n', '', 1, 1, '2013-09-06 15:30:52', '2013-11-03 16:10:46', '0000-00-00 00:00:00', 0, 29);
INSERT INTO `productinfo` VALUES (30, 16, 0, 1, 'シェフお勧め料理', '', '', '', '', '<img alt="" src="/upload/other/images/20131103_075848_680x907.jpg" style="width: 680px; height: 907px" /><img alt="" src="/upload/other/images/20131103_075851.jpg" style="width: 680px; height: 907px" /><img alt="" src="/upload/other/images/20131103_075854.jpg" style="width: 680px; height: 907px" /><br />\r\n', '', 1, 1, '2013-09-06 15:32:30', '2013-11-03 16:17:47', '0000-00-00 00:00:00', 0, 30);
INSERT INTO `productinfo` VALUES (31, 17, 0, 1, 'ヌードル', '', '', '', '', '<img alt="" src="/upload/other/images/20131103_050456.jpg" style="width: 680px; height: 962px" />', '', 1, 1, '2013-09-06 15:38:10', '2013-11-03 15:03:24', '0000-00-00 00:00:00', 0, 31);
INSERT INTO `productinfo` VALUES (33, 17, 0, 1, '日本式定食', '', '', '', '', '<img alt="" src="/upload/other/images/20131103_061453.jpg" style="width: 680px; height: 962px" /><img alt="" src="/upload/other/images/20131103_061513.jpg" style="width: 680px; height: 962px" />', '', 1, 1, '2013-09-06 15:50:53', '2013-11-03 15:14:24', '0000-00-00 00:00:00', 0, 33);
INSERT INTO `productinfo` VALUES (34, 17, 0, 1, '洋食セット定食', '', '', '', '', '<img alt="" src="/upload/other/images/20131103_051125.jpg" style="width: 680px; height: 962px" />', '', 1, 1, '2013-09-06 15:52:03', '2013-11-03 15:10:19', '0000-00-00 00:00:00', 0, 34);
INSERT INTO `productinfo` VALUES (35, 19, 0, 1, '鉄板焼き', '', '', '', '', '<table align="center" border="0" cellpadding="0" cellspacing="0" id="table104" width="690">\r\n	<tbody>\r\n		<tr>\r\n			<td>\r\n				<img border="0" height="20" src="/inc/pics/tjhead01.gif" width="685" /></td>\r\n		</tr>\r\n		<tr>\r\n			<td>\r\n				<table cellspacing="0" class="full" id="table236" width="687">\r\n					<tbody>\r\n						<tr>\r\n							<td height="147" rowspan="14" width="204">\r\n								<img border="0" height="486" src="/inc/pics/steak_jingxuan01.gif" width="338" /></td>\r\n						</tr>\r\n						<tr>\r\n							<td height="21" width="187">\r\n								　</td>\r\n							<td height="21" width="108">\r\n								　</td>\r\n							<td height="21" width="180">\r\n								　</td>\r\n						</tr>\r\n						<tr>\r\n							<td height="21" width="187">\r\n								<img border="0" height="20" src="/inc/pics/steak_jintop00.gif" width="160" /></td>\r\n							<td height="21" width="108">\r\n								　</td>\r\n							<td height="21" width="180">\r\n								　</td>\r\n						</tr>\r\n						<tr>\r\n							<td height="21" width="187">\r\n								<font face="MS Gothic">松 Diamond Cut<br />\r\n								竹 Gold Cut<br />\r\n								梅 Sliver Cut</font></td>\r\n							<td height="21" width="108">\r\n								　</td>\r\n							<td height="21" width="180">\r\n								<font face="宋体">￥</font>158/250g<br />\r\n								<font face="宋体">￥</font>128/200g<br />\r\n								<font face="宋体">￥</font>98/150g</td>\r\n						</tr>\r\n						<tr>\r\n							<td colspan="3" height="18" width="475">\r\n								<img border="0" height="3" src="/inc/pics/steakline.gif" width="345" /></td>\r\n						</tr>\r\n						<tr>\r\n							<td height="18" width="187">\r\n								<img border="0" height="20" src="/inc/pics/steak_jintop01.gif" width="110" /></td>\r\n							<td height="18" width="108">\r\n								&nbsp;</td>\r\n							<td height="18" width="180">\r\n								&nbsp;</td>\r\n						</tr>\r\n						<tr>\r\n							<td height="18" width="187">\r\n								<font face="MS Gothic">松 Diamond Cut<br />\r\n								竹 Gold Cut<br />\r\n								梅 Sliver Cut</font></td>\r\n							<td height="18" width="108">\r\n								&nbsp;</td>\r\n							<td height="18" width="180">\r\n								288元/250g<br />\r\n								238元/200g<br />\r\n								188元/150g</td>\r\n						</tr>\r\n						<tr>\r\n							<td colspan="3" height="18" width="475">\r\n								<img border="0" height="3" src="/inc/pics/steakline.gif" width="345" /></td>\r\n						</tr>\r\n						<tr>\r\n							<td height="18" width="187">\r\n								<img border="0" height="20" src="/inc/pics/steak_jintop02.gif" width="150" /></td>\r\n							<td height="18" width="108">\r\n								&nbsp;</td>\r\n							<td height="18" width="180">\r\n								&nbsp;</td>\r\n						</tr>\r\n						<tr>\r\n							<td height="18" width="187">\r\n								<font face="MS Gothic">松 Diamond Cut<br />\r\n								竹 Gold Cut<br />\r\n								梅 Sliver Cut</font></td>\r\n							<td height="18" width="108">\r\n								&nbsp;</td>\r\n							<td height="18" width="180">\r\n								580元/250g<br />\r\n								480元/200g<br />\r\n								380元/150g</td>\r\n						</tr>\r\n						<tr>\r\n							<td colspan="3" height="18" width="475">\r\n								<img border="0" height="3" src="/inc/pics/steakline.gif" width="345" /></td>\r\n						</tr>\r\n						<tr>\r\n							<td height="18" width="187">\r\n								<img border="0" height="20" src="/inc/pics/steak_jintop03.gif" width="150" /></td>\r\n							<td height="18" width="108">\r\n								&nbsp;</td>\r\n							<td height="18" width="180">\r\n								&nbsp;</td>\r\n						</tr>\r\n						<tr>\r\n							<td height="18" width="187">\r\n								<font face="MS Gothic">松 Diamond Cut<br />\r\n								竹 Gold Cut<br />\r\n								梅 Sliver Cut</font></td>\r\n							<td height="18" width="108">\r\n								&nbsp;</td>\r\n							<td height="18" width="180">\r\n								118元/250g<br />\r\n								98元/200g<br />\r\n								78元/150g</td>\r\n						</tr>\r\n						<tr>\r\n							<td colspan="3" height="18" width="475">\r\n								<img border="0" height="3" src="/inc/pics/steakline.gif" width="345" /></td>\r\n						</tr>\r\n					</tbody>\r\n				</table>\r\n			</td>\r\n		</tr>\r\n		<tr>\r\n			<td>\r\n				<table border="0" cellpadding="0" cellspacing="0" id="table201" width="98%">\r\n					<tbody>\r\n						<tr>\r\n							<td>\r\n								<div class="rule">\r\n									&nbsp;</div>\r\n								<table cellspacing="0" class="full" id="table202">\r\n									<tbody>\r\n										<tr>\r\n											<td style="padding-top:7" valign="top" width="4">\r\n												　</td>\r\n											<td style="padding-top:7" valign="top" width="332">\r\n												<div align="justify">\r\n													<table border="0" cellpadding="1" cellspacing="0" id="table237" width="178">\r\n														<tbody>\r\n															<tr>\r\n																<td bgcolor="#CCCCCC">\r\n																	<table border="0" cellpadding="1" cellspacing="0" id="table238" width="178">\r\n																		<tbody>\r\n																			<tr>\r\n																				<td bgcolor="#FFFFFF">\r\n																					<p align="justify">\r\n																						<img border="0" height="156" src="/inc/pics/platedoor.jpg" width="320" /></p>\r\n																				</td>\r\n																			</tr>\r\n																		</tbody>\r\n																	</table>\r\n																</td>\r\n															</tr>\r\n														</tbody>\r\n													</table>\r\n												</div>\r\n											</td>\r\n											<td style="padding-top:7" valign="top" width="345">\r\n												<p>\r\n													<font face="宋体" size="2">神戸亭さくらは、特別に設置されたテーブルで一流シェフの手さばきを見ながら、鉄板で焼かれている様々な食材を楽しめます。鉄板の上で香ばしく焼かれるステーキは、お食事のムードを最高に高めます。</font></p>\r\n												<p>\r\n													&nbsp;</p>\r\n												<p>\r\n													<img height="24" src="/inc/pics/img_res_timejp.gif" width="88" /></p>\r\n												<p>\r\n													<font face="宋体" size="2">ランチ：11：00----14：00<br />\r\n													夕&nbsp; 食: 17：00----23：30</font></p>\r\n											</td>\r\n										</tr>\r\n									</tbody>\r\n								</table>\r\n								<div class="rule">\r\n									&nbsp;</div>\r\n								<table cellspacing="0" class="full" id="table226" width="675">\r\n									<tbody>\r\n										<tr>\r\n											<td>\r\n												<img border="0" height="3" src="/inc/pics/allline.gif" width="685" /></td>\r\n										</tr>\r\n									</tbody>\r\n								</table>\r\n							</td>\r\n						</tr>\r\n					</tbody>\r\n				</table>\r\n			</td>\r\n		</tr>\r\n	</tbody>\r\n</table>\r\n', '', 1, 1, '2013-09-06 15:55:53', '2013-09-06 15:59:50', '0000-00-00 00:00:00', 0, 35);
INSERT INTO `productinfo` VALUES (36, 19, 0, 1, '前菜', '', '', '', '', '<img src="/inc/pics/jpproduct/tjhead01.gif" />\r\n<table cellspacing="0" class="full" id="table236" width="687">\r\n	<!--DWLayoutTable-->\r\n	<tbody>\r\n		<tr>\r\n			<td rowspan="6" width="448">\r\n				<img border="0" height="306" src="/inc/pics/jpproduct/fire01.gif" width="450" /></td>\r\n			<td width="2">\r\n				&nbsp;</td>\r\n			<td width="126">\r\n				&nbsp;</td>\r\n			<td width="12">\r\n				&nbsp;</td>\r\n			<td width="81">\r\n				&nbsp;</td>\r\n		</tr>\r\n		<tr>\r\n			<td colspan="2" height="21">\r\n				　</td>\r\n			<td height="21">\r\n				&nbsp;</td>\r\n			<td height="21">\r\n				　</td>\r\n		</tr>\r\n		<tr>\r\n			<td colspan="2" height="21">\r\n				<!--DWLayoutEmptyCell--></td>\r\n			<td height="21">\r\n				&nbsp;</td>\r\n			<td height="21">\r\n				　</td>\r\n		</tr>\r\n		<tr>\r\n			<td height="202">\r\n				&nbsp;</td>\r\n			<td colspan="2" valign="top">\r\n				冷奴<br />\r\n				枝豆<br />\r\n				チーズとトマトのサラダ<br />\r\n				ハム盛合せ<br />\r\n				牛肉のタタキ<br />\r\n				ピータン豆腐<br />\r\n				カニ酢<br />\r\n				鰻と胡瓜酢の物<br />\r\n				茶碗蒸し<br />\r\n				天麩羅盛<br />\r\n				鰻の白焼きわさび醤油<br />\r\n				鰻蒲焼<br />\r\n				自慢の焼かに<br />\r\n				串カツ盛り合わせ<br />\r\n				日式鶏唐揚</td>\r\n			<td>\r\n				15元／位<br />\r\n				10元／位<br />\r\n				25元／位<br />\r\n				35元／位<br />\r\n				40元／位<br />\r\n				20元／例<br />\r\n				65元／位<br />\r\n				45元／位<br />\r\n				20元／位<br />\r\n				50元／位<br />\r\n				75元／位<br />\r\n				75元／位<br />\r\n				120元／位<br />\r\n				45元／位<br />\r\n				25元／位</td>\r\n		</tr>\r\n		<tr>\r\n			<td colspan="4" height="36">\r\n				&nbsp;</td>\r\n		</tr>\r\n	</tbody>\r\n</table>\r\n', '', 1, 1, '2013-09-06 16:00:38', '2013-09-06 16:04:01', '0000-00-00 00:00:00', 0, 36);
INSERT INTO `productinfo` VALUES (37, 19, 0, 1, '定食', '', '', '', '', '<img src="/inc/pics/jpproduct/tjhead01.gif" />\r\n<table cellspacing="0" class="full" id="table236" width="687">\r\n	<tbody>\r\n		<tr>\r\n			<td height="147" rowspan="9" width="204">\r\n				<img border="0" height="486" src="/inc/pics/jpproduct/steak_set01.gif" width="338" /></td>\r\n		</tr>\r\n		<tr>\r\n			<td colspan="2" height="21" width="179">\r\n				　</td>\r\n			<td height="21" width="90">\r\n				　</td>\r\n			<td height="21" width="72">\r\n				　</td>\r\n		</tr>\r\n		<tr>\r\n			<td colspan="2" height="21" width="179">\r\n				<img border="0" height="20" src="/inc/pics/jpproduct/steak_settop01.gif" width="150" /></td>\r\n			<td height="21" width="90">\r\n				　</td>\r\n			<td height="21" width="72">\r\n				<font face="宋体">￥</font>188/位</td>\r\n		</tr>\r\n		<tr>\r\n			<td height="21" width="51">\r\n				&nbsp;</td>\r\n			<td height="21" width="126">\r\n				<font face="MS Gothic">食前酒<br />\r\n				前菜<br />\r\n				車海老のバター焼<br />\r\n				季節野菜サラダ<br />\r\n				野菜焼<br />\r\n				特選ロースステーキ</font></td>\r\n			<td height="21" width="90">\r\n				<font face="MS Gothic">ご飯<br />\r\n				味噌汁<br />\r\n				漬物<br />\r\n				デザート<br />\r\n				コーヒー</font></td>\r\n			<td height="21" width="72">\r\n				　</td>\r\n		</tr>\r\n		<tr>\r\n			<td colspan="4" height="18" width="475">\r\n				<img border="0" height="3" src="/inc/pics/jpproduct/steakline.gif" width="345" /></td>\r\n		</tr>\r\n		<tr>\r\n			<td colspan="2" height="18" width="179">\r\n				<img border="0" height="20" src="/inc/pics/jpproduct/steak_settop02.gif" width="150" /></td>\r\n			<td height="18" width="90">\r\n				&nbsp;</td>\r\n			<td height="18" width="72">\r\n				<font face="宋体">￥</font>288/位</td>\r\n		</tr>\r\n		<tr>\r\n			<td height="18" width="51">\r\n				&nbsp;</td>\r\n			<td height="18" width="126">\r\n				<font face="MS Gothic">食前酒<br />\r\n				前菜<br />\r\n				車海老のバター焼<br />\r\n				季節野菜サラダ<br />\r\n				野菜焼<br />\r\n				極品ロースステーキ</font></td>\r\n			<td height="18" width="90">\r\n				<font face="MS Gothic">ご飯<br />\r\n				味噌汁<br />\r\n				漬物<br />\r\n				デザート<br />\r\n				コーヒー</font></td>\r\n			<td height="18" width="72">\r\n				&nbsp;</td>\r\n		</tr>\r\n		<tr>\r\n			<td colspan="4" height="18" width="475">\r\n				<img border="0" height="3" src="/inc/pics/jpproduct/steakline.gif" width="345" /></td>\r\n		</tr>\r\n	</tbody>\r\n</table>\r\n', '', 1, 1, '2013-09-06 16:05:22', '2013-09-06 16:06:08', '0000-00-00 00:00:00', 0, 37);
INSERT INTO `productinfo` VALUES (38, 19, 0, 1, 'サラダ', '', '', '', '', '<img src="/inc/pics/jpproduct/tjhead01.gif" />\r\n<table border="0" cellpadding="0" cellspacing="0" id="table201" width="98%">\r\n	<tbody>\r\n		<tr>\r\n			<td>\r\n				&nbsp;</td>\r\n		</tr>\r\n		<tr>\r\n			<td>\r\n				<table cellspacing="0" class="full" id="table237" width="687">\r\n					<tbody>\r\n						<tr>\r\n							<td height="49" rowspan="2" width="17">\r\n								　</td>\r\n							<td height="49" rowspan="2" width="162">\r\n								<img border="0" height="20" src="/inc/pics/jpproduct/steak_cold02.gif" width="150" /></td>\r\n						</tr>\r\n						<tr>\r\n							<td colspan="2" height="21" width="80">\r\n								　</td>\r\n							<td height="60" rowspan="3" width="419">\r\n								<img border="0" height="193" src="/inc/pics/jpproduct/p_sela.gif" width="420" /></td>\r\n						</tr>\r\n						<tr>\r\n							<td height="49" width="17">\r\n								　</td>\r\n							<td height="49" width="162">\r\n								<font face="MS Gothic">季節野菜サラダ<br />\r\n								イタリアンシェフサラダ<br />\r\n								トマトのサラダ<br />\r\n								カニと野菜のサラダ</font></td>\r\n							<td height="21" width="74">\r\n								<font face="宋体">25元／位<br />\r\n								40元／位<br />\r\n								15元／位<br />\r\n								55元／位</font></td>\r\n							<td height="21" width="4">\r\n								　</td>\r\n						</tr>\r\n						<tr>\r\n							<td colspan="2" height="49" width="184">\r\n								　</td>\r\n							<td height="18" width="74">\r\n								&nbsp;</td>\r\n							<td height="18" width="4">\r\n								&nbsp;</td>\r\n						</tr>\r\n					</tbody>\r\n				</table>\r\n			</td>\r\n		</tr>\r\n		<tr>\r\n			<td>\r\n				<div class="rule">\r\n					&nbsp;</div>\r\n				<table cellspacing="0" class="full" id="table226" width="675">\r\n					<tbody>\r\n						<tr>\r\n							<td>\r\n								<img border="0" height="3" src="/inc/pics/jpproduct/allline.gif" width="685" /></td>\r\n						</tr>\r\n					</tbody>\r\n				</table>\r\n			</td>\r\n		</tr>\r\n	</tbody>\r\n</table>\r\n', '', 1, 1, '2013-09-06 16:10:45', '2013-09-06 16:14:47', '0000-00-00 00:00:00', 0, 38);
INSERT INTO `productinfo` VALUES (39, 19, 0, 1, '主食', '', '', '', '', '<img src="/inc/pics/jpproduct/tjhead01.gif" />\r\n<table cellspacing="0" class="full" id="table236" width="659">\r\n	<tbody>\r\n		<tr>\r\n			<td class="mate" colspan="2" height="21">\r\n				&nbsp;</td>\r\n			<td height="21" width="34">\r\n				　</td>\r\n			<td height="21" width="96">\r\n				　</td>\r\n			<td colspan="2" height="21">\r\n				　</td>\r\n		</tr>\r\n		<tr>\r\n			<td height="21" width="26">\r\n				　</td>\r\n			<td height="21" width="258">\r\n				<font face="MS Gothic">鉄板焼五目焼飯<br />\r\n				鉄板焼ニンニク焼飯<br />\r\n				鉄板焼焼そば<br />\r\n				鉄板焼り小龍包<br />\r\n				鉄板焼大根もち</font></td>\r\n			<td height="21">\r\n				　</td>\r\n			<td height="21">\r\n				<font face="宋体">25元／位<br />\r\n				25元／位<br />\r\n				30元／位<br />\r\n				25元／6只<br />\r\n				25元／6只</font></td>\r\n			<td height="21" width="41">\r\n				　</td>\r\n			<td height="21" width="190">\r\n				<table border="0" cellpadding="1" cellspacing="0" id="table249" width="178">\r\n					<tbody>\r\n						<tr>\r\n							<td bgcolor="#CCCCCC">\r\n								<table border="0" cellpadding="1" cellspacing="0" id="table250" width="178">\r\n									<tbody>\r\n										<tr>\r\n											<td bgcolor="#FFFFFF">\r\n												<img border="0" height="125" src="/inc/pics/jpproduct/p_rice01.gif" width="175" /></td>\r\n										</tr>\r\n									</tbody>\r\n								</table>\r\n							</td>\r\n						</tr>\r\n					</tbody>\r\n				</table>\r\n			</td>\r\n		</tr>\r\n	</tbody>\r\n</table>\r\n<br />\r\n', '', 1, 1, '2013-09-06 16:12:08', '2013-09-06 16:14:58', '0000-00-00 00:00:00', 0, 39);
INSERT INTO `productinfo` VALUES (40, 19, 0, 1, 'スープ', '', '', '', '', '<img src="/inc/pics/jpproduct/tjhead01.gif" />\r\n<table cellspacing="0" class="full" id="table236" width="659">\r\n	<tbody>\r\n		<tr>\r\n			<td class="mate" colspan="2" height="6">\r\n				&nbsp;</td>\r\n			<td height="6" width="34">\r\n				&nbsp;</td>\r\n			<td height="6" width="96">\r\n				&nbsp;</td>\r\n			<td height="6" width="41">\r\n				&nbsp;</td>\r\n			<td height="6" width="190">\r\n				&nbsp;</td>\r\n		</tr>\r\n		<tr>\r\n			<td height="6" width="26">\r\n				&nbsp;</td>\r\n			<td height="6" width="258">\r\n				<font face="MS Gothic">コーンスープ<br />\r\n				ミネストローネ<br />\r\n				中華風ワンタンスープ<br />\r\n				蟹とフカヒレ中華スープ</font></td>\r\n			<td height="9" width="34">\r\n				&nbsp;</td>\r\n			<td height="6" width="96">\r\n				<font face="宋体">20元／位<br />\r\n				25元／位<br />\r\n				25元／位<br />\r\n				35元／位</font></td>\r\n			<td height="9" width="41">\r\n				&nbsp;</td>\r\n			<td height="9" width="190">\r\n				<table border="0" cellpadding="1" cellspacing="0" id="table257" width="178">\r\n					<tbody>\r\n						<tr>\r\n							<td bgcolor="#CCCCCC">\r\n								<table border="0" cellpadding="1" cellspacing="0" id="table258" width="178">\r\n									<tbody>\r\n										<tr>\r\n											<td bgcolor="#FFFFFF">\r\n												<img border="0" height="125" src="/inc/pics/jpproduct/p_rice05.gif" width="175" /></td>\r\n										</tr>\r\n									</tbody>\r\n								</table>\r\n							</td>\r\n						</tr>\r\n					</tbody>\r\n				</table>\r\n			</td>\r\n		</tr>\r\n	</tbody>\r\n</table>\r\n<br />\r\n', '', 1, 1, '2013-09-06 16:15:04', '2013-09-06 16:16:10', '0000-00-00 00:00:00', 0, 40);
INSERT INTO `productinfo` VALUES (41, 14, 0, 1, 'カーヒー', '', '', '', '', '<p>\r\n	<img alt="" src="/upload/other/images/20131029_230345.jpg" style="width: 680px; height: 1104px" /></p>\r\n', '', 1, 1, '2013-09-06 16:30:26', '2013-11-01 08:09:49', '0000-00-00 00:00:00', 0, 42);
INSERT INTO `productinfo` VALUES (60, 14, 0, 1, '中国茶', '', '', '', '', '<img alt="" src="/upload/other/images/20131029_233130.jpg" style="width: 680px; height: 1104px" />', '', 1, 1, '2013-11-01 08:10:05', '2013-11-01 08:18:07', '0000-00-00 00:00:00', 0, 60);
INSERT INTO `productinfo` VALUES (61, 14, 0, 1, 'アイスクリーム＆シャーバット', '', '', '', '', '<img alt="" src="/upload/other/images/20130830_071004(2).jpg" style="width: 680px; height: 1105px" />', '', 1, 1, '2013-11-01 08:18:31', '2013-11-01 08:20:25', '0000-00-00 00:00:00', 0, 61);
INSERT INTO `productinfo` VALUES (62, 14, 0, 1, 'ソフトドリンク・フレッシュジュース', '', '', '', '', '<img alt="" src="/upload/other/images/20131030_003241.jpg" style="width: 739px; height: 1200px" />', '', 1, 1, '2013-11-01 08:21:05', '2013-11-01 08:29:09', '0000-00-00 00:00:00', 0, 62);
INSERT INTO `productinfo` VALUES (63, 14, 0, 1, 'ビール', '', '', '', '', '<img alt="" src="/upload/other/images/20131031_150908.jpg" style="width: 680px; height: 1104px" />', '', 1, 1, '2013-11-01 08:29:16', '2013-11-01 08:31:21', '0000-00-00 00:00:00', 0, 63);
INSERT INTO `productinfo` VALUES (64, 14, 0, 1, 'ワイン', '', '', '', '', '<img alt="" src="/upload/other/images/20131101_004424.jpg" style="width: 680px; height: 1104px" />', '', 1, 1, '2013-11-01 08:31:25', '2013-11-01 08:45:44', '0000-00-00 00:00:00', 0, 64);
INSERT INTO `productinfo` VALUES (65, 14, 0, 1, '日本酒', '', '', '', '', '<img alt="" src="/upload/other/images/20131031_234800.jpg" style="width: 680px; height: 1104px" />', '', 1, 1, '2013-11-01 08:46:01', '2013-11-01 08:47:57', '0000-00-00 00:00:00', 0, 65);
INSERT INTO `productinfo` VALUES (66, 14, 0, 1, '焼酎', '', '', '', '', '<img alt="" src="/upload/other/images/20131031_235228.jpg" style="width: 680px; height: 1104px" />', '', 1, 1, '2013-11-01 08:48:03', '2013-11-01 08:51:26', '0000-00-00 00:00:00', 0, 66);
INSERT INTO `productinfo` VALUES (67, 14, 0, 1, '紹興酒・ウイスキー', '', '', '', '', '<img alt="" src="/upload/other/images/20131031_235649.jpg" style="width: 680px; height: 1104px" />', '', 1, 1, '2013-11-01 08:51:33', '2013-11-01 08:54:07', '0000-00-00 00:00:00', 0, 67);
INSERT INTO `productinfo` VALUES (68, 7, 0, 1, '盖浇饭定食&中华定食', '', '', '', '', '<img alt="" src="/upload/other/images/20131103_064655.jpg" style="width: 680px; height: 962px" />', '', 1, 1, '2013-11-03 14:38:22', '2013-11-03 14:47:23', '0000-00-00 00:00:00', 0, 68);
INSERT INTO `productinfo` VALUES (69, 7, 0, 1, '汉堡牛排•牛菲力套餐', '', '', '', '', '<img alt="" src="/upload/other/images/20131103_065654.jpg" style="width: 680px; height: 962px" />', '', 1, 1, '2013-11-03 14:47:56', '2013-11-03 14:58:01', '0000-00-00 00:00:00', 0, 69);
INSERT INTO `productinfo` VALUES (70, 17, 0, 1, '丼定食＆中華定食', '', '', '', '', '<img alt="" src="/upload/other/images/20131103_064655.jpg" style="width: 680px; height: 962px" />', '', 1, 1, '2013-11-03 15:15:19', '2013-11-03 15:21:11', '0000-00-00 00:00:00', 0, 70);
INSERT INTO `productinfo` VALUES (71, 17, 0, 1, 'ステーキ・ハンバーグセット', '', '', '', '', '<img alt="" src="/upload/other/images/20131103_065654.jpg" style="width: 680px; height: 962px" />', '', 1, 1, '2013-11-03 15:21:27', '2013-11-03 15:23:07', '0000-00-00 00:00:00', 0, 71);
INSERT INTO `productinfo` VALUES (42, 21, 0, 1, 'お勧めセット', '', '', '', '', '<img alt="" src="/upload/other/images/20130906_073622.gif" style="width: 650px; height: 867px;" /><br />\r\n<br />\r\n<img alt="" src="/upload/other/images/20130906_083453.jpg" style="width: 567px; height: 763px;" /><br />\r\n', '', 1, 1, '2013-09-06 16:32:21', '2013-09-06 16:35:00', '0000-00-00 00:00:00', 0, 41);
INSERT INTO `productinfo` VALUES (43, 2, 0, 1, '色拉 ', '', '', '', '', '<img alt="" src="/upload/other/images/20131022_115958.jpg" style="width: 680px; height: 1020px" />', '', 1, 1, '2013-10-22 19:30:26', '2013-10-23 11:27:32', '0000-00-00 00:00:00', 0, 43);
INSERT INTO `productinfo` VALUES (44, 2, 0, 1, '意大利面&烤饭&咖喱', '', '', '', '', '<br />\r\n<img alt="" src="/upload/other/images/20131023_025523.jpg" style="width: 680px; height: 1020px" />', '', 1, 1, '2013-10-22 19:30:38', '2013-10-23 11:25:42', '0000-00-00 00:00:00', 0, 44);
INSERT INTO `productinfo` VALUES (45, 2, 0, 1, '汉堡牛排', '', '', '', '', '<img alt="" src="/upload/other/images/20131023_030721.jpg" style="width: 680px; height: 1020px" />', '', 1, 1, '2013-10-23 11:06:13', '2013-10-23 11:22:19', '0000-00-00 00:00:00', 0, 45);
INSERT INTO `productinfo` VALUES (46, 2, 0, 1, '面条•中华定食', '', '', '', '', '<img alt="" src="/upload/other/images/20131023_032941.jpg" style="width: 680px; height: 1020px" />', '', 1, 1, '2013-10-23 11:27:59', '2013-10-23 11:35:32', '0000-00-00 00:00:00', 0, 46);
INSERT INTO `productinfo` VALUES (47, 13, 0, 1, 'サラダ＆スープ＆ピッツア＆サンドイッチ', '', '', '', '', '<img alt="" src="/upload/other/images/20131022_115958.jpg" style="width: 680px; height: 1020px" />', '', 1, 1, '2013-10-25 00:13:16', '2013-10-25 00:19:29', '0000-00-00 00:00:00', 0, 47);
INSERT INTO `productinfo` VALUES (48, 13, 0, 1, 'パスタ＆ピラフ＆カレー', '', '', '', '', '<img alt="" src="/upload/other/images/20131023_025523.jpg" style="width: 680px; height: 1020px" />', '', 1, 1, '2013-10-25 08:12:05', '2013-10-25 08:17:15', '0000-00-00 00:00:00', 0, 48);
INSERT INTO `productinfo` VALUES (49, 13, 0, 1, 'ハンバーグ', '', '', '', '', '<img alt="" src="/upload/other/images/20131023_030721.jpg" style="width: 680px; height: 1020px" />', '', 1, 1, '2013-10-25 08:17:34', '2013-10-25 08:20:32', '0000-00-00 00:00:00', 0, 49);
INSERT INTO `productinfo` VALUES (50, 13, 0, 1, 'ラーメン・中華定食', '', '', '', '', '<img alt="" src="/upload/other/images/20131023_032941.jpg" style="width: 680px; height: 1020px" />', '', 1, 1, '2013-10-25 08:24:17', '2013-10-25 08:27:18', '0000-00-00 00:00:00', 0, 50);
INSERT INTO `productinfo` VALUES (51, 3, 0, 1, '咖啡', '', '', '', '', '<img alt="" src="/upload/other/images/20131029_230345.jpg" style="width: 680px; height: 1104px" />', '', 1, 1, '2013-10-30 07:00:38', '2013-10-30 07:27:55', '0000-00-00 00:00:00', 0, 51);
INSERT INTO `productinfo` VALUES (52, 3, 0, 1, '中国茶', '', '', '', '', '<img alt="" src="/upload/other/images/20131029_233130.jpg" style="width: 680px; height: 1104px" />', '', 1, 1, '2013-10-30 07:29:50', '2013-10-30 07:32:22', '0000-00-00 00:00:00', 0, 52);
INSERT INTO `productinfo` VALUES (53, 3, 0, 1, '冰饮', '', '', '', '', '<img alt="" src="/upload/other/images/20131029_233554.jpg" style="width: 680px; height: 1104px" />', '', 1, 1, '2013-10-30 07:32:59', '2013-10-30 08:21:59', '0000-00-00 00:00:00', 0, 53);
INSERT INTO `productinfo` VALUES (54, 3, 0, 1, '饮料•鲜榨果汁', '', '', '', '', '<img alt="" src="/upload/other/images/20131030_003241.jpg" style="width: 680px; height: 1104px" />', '', 1, 1, '2013-10-30 08:24:48', '2013-10-30 08:47:47', '0000-00-00 00:00:00', 0, 54);
INSERT INTO `productinfo` VALUES (55, 3, 0, 1, '啤酒', '', '', '', '', '<img alt="" src="/upload/other/images/20131031_150908.jpg" style="width: 680px; height: 1104px" />', '', 1, 1, '2013-10-31 23:03:45', '2013-10-31 23:10:12', '0000-00-00 00:00:00', 0, 55);
INSERT INTO `productinfo` VALUES (56, 3, 0, 1, '葡萄酒', '', '', '', '', '<img alt="" src="/upload/other/images/20131031_151626.jpg" style="width: 680px; height: 1104px" />', '', 1, 1, '2013-10-31 23:15:03', '2013-10-31 23:17:15', '0000-00-00 00:00:00', 0, 56);
INSERT INTO `productinfo` VALUES (57, 3, 0, 1, '清酒', '', '', '', '', '<img alt="" src="/upload/other/images/20131031_234800.jpg" style="width: 680px; height: 1104px" />', '', 1, 1, '2013-11-01 07:41:05', '2013-11-01 07:49:31', '0000-00-00 00:00:00', 0, 57);
INSERT INTO `productinfo` VALUES (58, 3, 0, 1, '烧酒', '', '', '', '', '<img alt="" src="/upload/other/images/20131031_235228.jpg" style="width: 680px; height: 1104px" />', '', 1, 1, '2013-11-01 07:50:07', '2013-11-01 07:53:22', '0000-00-00 00:00:00', 0, 58);
INSERT INTO `productinfo` VALUES (59, 3, 0, 1, '黄酒•威士忌', '', '', '', '', '<img alt="" src="/upload/other/images/20131031_235649.jpg" style="width: 680px; height: 1104px" />', '', 1, 1, '2013-11-01 07:54:11', '2013-11-01 07:57:32', '0000-00-00 00:00:00', 0, 59);

-- --------------------------------------------------------

-- 
-- 表的结构 `productpic`
-- 

CREATE TABLE `productpic` (
  `id_prodpic` int(11) NOT NULL auto_increment,
  `id_prodinfo` int(11) NOT NULL,
  `id_hr` int(11) NOT NULL,
  `title` varchar(250) NOT NULL,
  `intro` text NOT NULL,
  `url` varchar(250) NOT NULL,
  `opicname` varchar(250) NOT NULL,
  `spicname` varchar(250) NOT NULL,
  `dele` int(1) NOT NULL default '1',
  `type` varchar(3) NOT NULL,
  `indate` datetime NOT NULL,
  `modate` datetime NOT NULL,
  `deldate` datetime NOT NULL,
  `browsecount` int(11) NOT NULL,
  PRIMARY KEY  (`id_prodpic`)
) ENGINE=MyISAM  DEFAULT CHARSET=utf8 AUTO_INCREMENT=107 ;

-- 
-- 导出表中的数据 `productpic`
-- 

INSERT INTO `productpic` VALUES (1, 1, 1, '', '', '', '1377831546.jpg', '', 1, 'JPG', '2013-08-30 10:59:06', '0000-00-00 00:00:00', '0000-00-00 00:00:00', 0);
INSERT INTO `productpic` VALUES (2, 2, 1, '', '', '', '1377831875.jpg', '', 1, 'JPG', '2013-08-30 11:04:35', '0000-00-00 00:00:00', '0000-00-00 00:00:00', 0);
INSERT INTO `productpic` VALUES (3, 3, 1, '', '', '', '1377831993.jpg', '', 1, 'JPG', '2013-08-30 11:06:33', '0000-00-00 00:00:00', '0000-00-00 00:00:00', 0);
INSERT INTO `productpic` VALUES (4, 4, 1, '', '', '', '1377844641.jpg', '', 1, 'JPG', '2013-08-30 14:37:21', '0000-00-00 00:00:00', '0000-00-00 00:00:00', 0);
INSERT INTO `productpic` VALUES (5, 5, 1, '', '', '', '1377844733.jpg', '', 1, 'JPG', '2013-08-30 14:38:53', '0000-00-00 00:00:00', '0000-00-00 00:00:00', 0);
INSERT INTO `productpic` VALUES (6, 6, 1, '', '', '', '1377844788.jpg', '', 1, 'JPG', '2013-08-30 14:39:48', '0000-00-00 00:00:00', '0000-00-00 00:00:00', 0);
INSERT INTO `productpic` VALUES (7, 7, 1, '', '', '', '1377847136.jpg', '', 1, 'JPG', '2013-08-30 15:18:56', '0000-00-00 00:00:00', '0000-00-00 00:00:00', 0);
INSERT INTO `productpic` VALUES (88, 73, 1, '', '', '', '1383468233.jpg', '', 1, 'JPG', '2013-11-03 16:43:53', '0000-00-00 00:00:00', '0000-00-00 00:00:00', 0);
INSERT INTO `productpic` VALUES (9, 9, 1, '', '', '', '1377848299.jpg', '', 1, 'JPG', '2013-08-30 15:38:19', '0000-00-00 00:00:00', '0000-00-00 00:00:00', 0);
INSERT INTO `productpic` VALUES (10, 10, 1, '', '', '', '1377848576.jpg', '', 1, 'JPG', '2013-08-30 15:42:56', '0000-00-00 00:00:00', '0000-00-00 00:00:00', 0);
INSERT INTO `productpic` VALUES (11, 11, 1, '', '', '', '1377848760.jpg', '', 1, 'JPG', '2013-08-30 15:46:00', '0000-00-00 00:00:00', '0000-00-00 00:00:00', 0);
INSERT INTO `productpic` VALUES (81, 12, 1, '', '', '', '1383460603.jpg', '', 1, 'JPG', '2013-11-03 14:36:44', '0000-00-00 00:00:00', '0000-00-00 00:00:00', 0);
INSERT INTO `productpic` VALUES (80, 13, 1, '', '', '', '1383460569.jpg', '', 1, 'JPG', '2013-11-03 14:36:09', '0000-00-00 00:00:00', '0000-00-00 00:00:00', 0);
INSERT INTO `productpic` VALUES (14, 14, 1, '', '', '', '1377850532.jpg', '', 1, 'JPG', '2013-08-30 16:15:32', '0000-00-00 00:00:00', '0000-00-00 00:00:00', 0);
INSERT INTO `productpic` VALUES (15, 15, 1, '', '', '', '1377851122.jpg', '', 1, 'JPG', '2013-08-30 16:25:22', '0000-00-00 00:00:00', '0000-00-00 00:00:00', 0);
INSERT INTO `productpic` VALUES (16, 16, 1, '', '', '', '1377851488.jpg', '', 1, 'JPG', '2013-08-30 16:31:28', '0000-00-00 00:00:00', '0000-00-00 00:00:00', 0);
INSERT INTO `productpic` VALUES (17, 17, 1, '', '', '', '1377851794.jpg', '', 1, 'JPG', '2013-08-30 16:36:34', '0000-00-00 00:00:00', '0000-00-00 00:00:00', 0);
INSERT INTO `productpic` VALUES (18, 18, 1, '', '', '', '1377851997.jpg', '', 1, 'JPG', '2013-08-30 16:39:57', '0000-00-00 00:00:00', '0000-00-00 00:00:00', 0);
INSERT INTO `productpic` VALUES (19, 19, 1, '', '', '', '1377853101.jpg', '', 1, 'JPG', '2013-08-30 16:58:21', '0000-00-00 00:00:00', '0000-00-00 00:00:00', 0);
INSERT INTO `productpic` VALUES (20, 20, 1, '', '', '', '1377855136.jpg', '', 1, 'JPG', '2013-08-30 17:32:17', '0000-00-00 00:00:00', '0000-00-00 00:00:00', 0);
INSERT INTO `productpic` VALUES (87, 21, 1, '', '', '', '1383467937.jpg', '', 1, 'JPG', '2013-11-03 16:38:58', '0000-00-00 00:00:00', '0000-00-00 00:00:00', 0);
INSERT INTO `productpic` VALUES (22, 22, 1, '', '', '', '1378449497.jpg', '', 1, 'JPG', '2013-09-06 14:38:17', '0000-00-00 00:00:00', '0000-00-00 00:00:00', 0);
INSERT INTO `productpic` VALUES (23, 23, 1, '', '', '', '1378449793.jpg', '', 1, 'JPG', '2013-09-06 14:43:13', '0000-00-00 00:00:00', '0000-00-00 00:00:00', 0);
INSERT INTO `productpic` VALUES (24, 24, 1, '', '', '', '1378450620.jpg', '', 1, 'JPG', '2013-09-06 14:57:00', '0000-00-00 00:00:00', '0000-00-00 00:00:00', 0);
INSERT INTO `productpic` VALUES (25, 25, 1, '', '', '', '1378451176.jpg', '', 1, 'JPG', '2013-09-06 15:06:16', '0000-00-00 00:00:00', '0000-00-00 00:00:00', 0);
INSERT INTO `productpic` VALUES (26, 26, 1, '', '', '', '1378451824.jpg', '', 1, 'JPG', '2013-09-06 15:17:04', '0000-00-00 00:00:00', '0000-00-00 00:00:00', 0);
INSERT INTO `productpic` VALUES (27, 27, 1, '', '', '', '1378451972.jpg', '', 1, 'JPG', '2013-09-06 15:19:32', '0000-00-00 00:00:00', '0000-00-00 00:00:00', 0);
INSERT INTO `productpic` VALUES (28, 28, 1, '', '', '', '1378452232.jpg', '', 1, 'JPG', '2013-09-06 15:23:52', '0000-00-00 00:00:00', '0000-00-00 00:00:00', 0);
INSERT INTO `productpic` VALUES (86, 72, 1, '', '', '', '1383467450.jpg', '', 1, 'JPG', '2013-11-03 16:30:50', '0000-00-00 00:00:00', '0000-00-00 00:00:00', 0);
INSERT INTO `productpic` VALUES (30, 30, 1, '', '', '', '1378452830.jpg', '', 1, 'JPG', '2013-09-06 15:33:50', '0000-00-00 00:00:00', '0000-00-00 00:00:00', 0);
INSERT INTO `productpic` VALUES (31, 31, 1, '', '', '', '1378453145.jpg', '', 1, 'JPG', '2013-09-06 15:39:05', '0000-00-00 00:00:00', '0000-00-00 00:00:00', 0);
INSERT INTO `productpic` VALUES (32, 32, 1, '', '', '', '1378453241.jpg', '', 1, 'JPG', '2013-09-06 15:40:41', '0000-00-00 00:00:00', '0000-00-00 00:00:00', 0);
INSERT INTO `productpic` VALUES (33, 33, 1, '', '', '', '1378453892.jpg', '', 1, 'JPG', '2013-09-06 15:51:32', '0000-00-00 00:00:00', '0000-00-00 00:00:00', 0);
INSERT INTO `productpic` VALUES (34, 34, 1, '', '', '', '1378453961.jpg', '', 1, 'JPG', '2013-09-06 15:52:42', '0000-00-00 00:00:00', '0000-00-00 00:00:00', 0);
INSERT INTO `productpic` VALUES (35, 35, 1, '', '', '', '1378454399.jpg', '', 1, 'JPG', '2013-09-06 15:59:59', '0000-00-00 00:00:00', '0000-00-00 00:00:00', 0);
INSERT INTO `productpic` VALUES (36, 36, 1, '', '', '', '1378454453.jpg', '', 1, 'JPG', '2013-09-06 16:00:53', '0000-00-00 00:00:00', '0000-00-00 00:00:00', 0);
INSERT INTO `productpic` VALUES (37, 37, 1, '', '', '', '1378454811.jpg', '', 1, 'JPG', '2013-09-06 16:06:51', '0000-00-00 00:00:00', '0000-00-00 00:00:00', 0);
INSERT INTO `productpic` VALUES (38, 38, 1, '', '', '', '1378455075.jpg', '', 1, 'JPG', '2013-09-06 16:11:15', '0000-00-00 00:00:00', '0000-00-00 00:00:00', 0);
INSERT INTO `productpic` VALUES (39, 39, 1, '', '', '', '1378455196.jpg', '', 1, 'JPG', '2013-09-06 16:13:16', '0000-00-00 00:00:00', '0000-00-00 00:00:00', 0);
INSERT INTO `productpic` VALUES (40, 40, 1, '', '', '', '1378455379.jpg', '', 1, 'JPG', '2013-09-06 16:16:19', '0000-00-00 00:00:00', '0000-00-00 00:00:00', 0);
INSERT INTO `productpic` VALUES (63, 41, 1, '', '', '', '1383264115.jpg', '', 1, 'JPG', '2013-11-01 08:01:56', '0000-00-00 00:00:00', '0000-00-00 00:00:00', 0);
INSERT INTO `productpic` VALUES (42, 42, 1, '', '', '', '1378456539.jpg', '', 1, 'JPG', '2013-09-06 16:35:39', '0000-00-00 00:00:00', '0000-00-00 00:00:00', 0);
INSERT INTO `productpic` VALUES (45, 43, 1, '', '', '', '1382493114.JPG', '', 1, 'JPG', '2013-10-23 09:51:54', '0000-00-00 00:00:00', '0000-00-00 00:00:00', 0);
INSERT INTO `productpic` VALUES (47, 44, 1, '', '', '', '1382497152.jpg', '', 1, 'JPG', '2013-10-23 10:59:13', '0000-00-00 00:00:00', '0000-00-00 00:00:00', 0);
INSERT INTO `productpic` VALUES (48, 45, 1, '', '', '', '1382498386.jpg', '', 1, 'JPG', '2013-10-23 11:19:46', '0000-00-00 00:00:00', '0000-00-00 00:00:00', 0);
INSERT INTO `productpic` VALUES (49, 46, 1, '', '', '', '1382499164.jpg', '', 1, 'JPG', '2013-10-23 11:32:44', '0000-00-00 00:00:00', '0000-00-00 00:00:00', 0);
INSERT INTO `productpic` VALUES (50, 47, 1, '', '', '', '1382631377.JPG', '', 1, 'JPG', '2013-10-25 00:16:17', '0000-00-00 00:00:00', '0000-00-00 00:00:00', 0);
INSERT INTO `productpic` VALUES (51, 48, 1, '', '', '', '1382660124.jpg', '', 1, 'JPG', '2013-10-25 08:15:24', '0000-00-00 00:00:00', '0000-00-00 00:00:00', 0);
INSERT INTO `productpic` VALUES (52, 49, 1, '', '', '', '1382660512.jpg', '', 1, 'JPG', '2013-10-25 08:21:53', '0000-00-00 00:00:00', '0000-00-00 00:00:00', 0);
INSERT INTO `productpic` VALUES (53, 50, 1, '', '', '', '1382660785.jpg', '', 1, 'JPG', '2013-10-25 08:26:25', '0000-00-00 00:00:00', '0000-00-00 00:00:00', 0);
INSERT INTO `productpic` VALUES (54, 51, 1, '', '', '', '1383089159.jpg', '', 1, 'JPG', '2013-10-30 07:26:00', '0000-00-00 00:00:00', '0000-00-00 00:00:00', 0);
INSERT INTO `productpic` VALUES (55, 52, 1, '', '', '', '1383089430.jpg', '', 1, 'JPG', '2013-10-30 07:30:30', '0000-00-00 00:00:00', '0000-00-00 00:00:00', 0);
INSERT INTO `productpic` VALUES (56, 53, 1, '', '', '', '1383089715.jpg', '', 1, 'JPG', '2013-10-30 07:35:16', '0000-00-00 00:00:00', '0000-00-00 00:00:00', 0);
INSERT INTO `productpic` VALUES (57, 54, 1, '', '', '', '1383093904.jpg', '', 1, 'JPG', '2013-10-30 08:45:04', '0000-00-00 00:00:00', '0000-00-00 00:00:00', 0);
INSERT INTO `productpic` VALUES (58, 55, 1, '', '', '', '1383232117.jpg', '', 1, 'JPG', '2013-10-31 23:08:37', '0000-00-00 00:00:00', '0000-00-00 00:00:00', 0);
INSERT INTO `productpic` VALUES (59, 56, 1, '', '', '', '1383232540.jpg', '', 1, 'JPG', '2013-10-31 23:15:41', '0000-00-00 00:00:00', '0000-00-00 00:00:00', 0);
INSERT INTO `productpic` VALUES (60, 57, 1, '', '', '', '1383263243.jpg', '', 1, 'JPG', '2013-11-01 07:47:23', '0000-00-00 00:00:00', '0000-00-00 00:00:00', 0);
INSERT INTO `productpic` VALUES (61, 58, 1, '', '', '', '1383263512.jpg', '', 1, 'JPG', '2013-11-01 07:51:52', '0000-00-00 00:00:00', '0000-00-00 00:00:00', 0);
INSERT INTO `productpic` VALUES (62, 59, 1, '', '', '', '1383263770.jpg', '', 1, 'JPG', '2013-11-01 07:56:10', '0000-00-00 00:00:00', '0000-00-00 00:00:00', 0);
INSERT INTO `productpic` VALUES (64, 60, 1, '', '', '', '1383264657.jpg', '', 1, 'JPG', '2013-11-01 08:10:57', '0000-00-00 00:00:00', '0000-00-00 00:00:00', 0);
INSERT INTO `productpic` VALUES (65, 61, 1, '', '', '', '1383265143.jpg', '', 1, 'JPG', '2013-11-01 08:19:03', '0000-00-00 00:00:00', '0000-00-00 00:00:00', 0);
INSERT INTO `productpic` VALUES (69, 63, 1, '', '', '', '1383265780.jpg', '', 1, 'JPG', '2013-11-01 08:29:40', '0000-00-00 00:00:00', '0000-00-00 00:00:00', 0);
INSERT INTO `productpic` VALUES (68, 62, 1, '', '', '', '1383265731.jpg', '', 1, 'JPG', '2013-11-01 08:28:51', '0000-00-00 00:00:00', '0000-00-00 00:00:00', 0);
INSERT INTO `productpic` VALUES (70, 64, 1, '', '', '', '1383265910.jpg', '', 1, 'JPG', '2013-11-01 08:31:50', '0000-00-00 00:00:00', '0000-00-00 00:00:00', 0);
INSERT INTO `productpic` VALUES (71, 65, 1, '', '', '', '1383266777.jpg', '', 1, 'JPG', '2013-11-01 08:46:18', '0000-00-00 00:00:00', '0000-00-00 00:00:00', 0);
INSERT INTO `productpic` VALUES (72, 66, 1, '', '', '', '1383266911.jpg', '', 1, 'JPG', '2013-11-01 08:48:31', '0000-00-00 00:00:00', '0000-00-00 00:00:00', 0);
INSERT INTO `productpic` VALUES (73, 67, 1, '', '', '', '1383267118.jpg', '', 1, 'JPG', '2013-11-01 08:51:58', '0000-00-00 00:00:00', '0000-00-00 00:00:00', 0);
INSERT INTO `productpic` VALUES (82, 68, 1, '', '', '', '1383460966.jpg', '', 1, 'JPG', '2013-11-03 14:42:46', '0000-00-00 00:00:00', '0000-00-00 00:00:00', 0);
INSERT INTO `productpic` VALUES (83, 69, 1, '', '', '', '1383461758.jpg', '', 1, 'JPG', '2013-11-03 14:55:58', '0000-00-00 00:00:00', '0000-00-00 00:00:00', 0);
INSERT INTO `productpic` VALUES (84, 70, 1, '', '', '', '1383462965.jpg', '', 1, 'JPG', '2013-11-03 15:16:05', '0000-00-00 00:00:00', '0000-00-00 00:00:00', 0);
INSERT INTO `productpic` VALUES (85, 71, 1, '', '', '', '1383463304.jpg', '', 1, 'JPG', '2013-11-03 15:21:44', '0000-00-00 00:00:00', '0000-00-00 00:00:00', 0);
INSERT INTO `productpic` VALUES (89, 74, 1, '', '', '', '1383469455.jpg', '', 1, 'JPG', '2013-11-03 17:04:15', '0000-00-00 00:00:00', '0000-00-00 00:00:00', 0);
INSERT INTO `productpic` VALUES (91, 75, 1, '', '', '', '1383469979.jpg', '', 1, 'JPG', '2013-11-03 17:12:59', '0000-00-00 00:00:00', '0000-00-00 00:00:00', 0);
INSERT INTO `productpic` VALUES (92, 76, 1, '', '', '', '1383470533.jpg', '', 1, 'JPG', '2013-11-03 17:22:13', '0000-00-00 00:00:00', '0000-00-00 00:00:00', 0);
INSERT INTO `productpic` VALUES (93, 77, 1, '', '', '', '1383471023.jpg', '', 1, 'JPG', '2013-11-03 17:30:23', '0000-00-00 00:00:00', '0000-00-00 00:00:00', 0);
INSERT INTO `productpic` VALUES (94, 78, 1, '', '', '', '1383471330.jpg', '', 1, 'JPG', '2013-11-03 17:35:30', '0000-00-00 00:00:00', '0000-00-00 00:00:00', 0);
INSERT INTO `productpic` VALUES (95, 79, 1, '', '', '', '1383471857.jpg', '', 1, 'JPG', '2013-11-03 17:44:17', '0000-00-00 00:00:00', '0000-00-00 00:00:00', 0);
INSERT INTO `productpic` VALUES (96, 80, 1, '', '', '', '1383474023.jpg', '', 1, 'JPG', '2013-11-03 18:20:23', '0000-00-00 00:00:00', '0000-00-00 00:00:00', 0);
INSERT INTO `productpic` VALUES (97, 81, 1, '', '', '', '1383474570.jpg', '', 1, 'JPG', '2013-11-03 18:29:33', '0000-00-00 00:00:00', '0000-00-00 00:00:00', 0);
INSERT INTO `productpic` VALUES (100, 82, 1, '', '', '', '1383474754.jpg', '', 1, 'JPG', '2013-11-03 18:32:35', '0000-00-00 00:00:00', '0000-00-00 00:00:00', 0);
INSERT INTO `productpic` VALUES (101, 83, 1, '', '', '', '1383474875.jpg', '', 1, 'JPG', '2013-11-03 18:34:35', '0000-00-00 00:00:00', '0000-00-00 00:00:00', 0);
INSERT INTO `productpic` VALUES (102, 84, 1, '', '', '', '1383488225.jpg', '', 1, 'JPG', '2013-11-03 22:17:06', '0000-00-00 00:00:00', '0000-00-00 00:00:00', 0);
INSERT INTO `productpic` VALUES (103, 85, 1, '', '', '', '1383488627.jpg', '', 1, 'JPG', '2013-11-03 22:23:47', '0000-00-00 00:00:00', '0000-00-00 00:00:00', 0);
INSERT INTO `productpic` VALUES (104, 86, 1, '', '', '', '1383489127.jpg', '', 1, 'JPG', '2013-11-03 22:32:07', '0000-00-00 00:00:00', '0000-00-00 00:00:00', 0);
INSERT INTO `productpic` VALUES (105, 87, 1, '', '', '', '1383489335.jpg', '', 1, 'JPG', '2013-11-03 22:35:35', '0000-00-00 00:00:00', '0000-00-00 00:00:00', 0);
INSERT INTO `productpic` VALUES (106, 88, 1, '', '', '', '1383489488.jpg', '', 1, 'JPG', '2013-11-03 22:38:08', '0000-00-00 00:00:00', '0000-00-00 00:00:00', 0);

-- --------------------------------------------------------

-- 
-- 表的结构 `siteset`
-- 

CREATE TABLE `siteset` (
  `id_siteset` int(11) NOT NULL auto_increment,
  `lang` int(1) NOT NULL default '1',
  `title` text NOT NULL,
  `keywords` text NOT NULL,
  `description` text NOT NULL,
  `otherheader` text NOT NULL,
  `iscopy` int(1) NOT NULL default '0',
  `rmailbox` varchar(50) NOT NULL,
  `smailbox` varchar(50) NOT NULL,
  `smailboxpass` varchar(50) NOT NULL,
  `icp` varchar(25) NOT NULL,
  `mapcode` text NOT NULL,
  `statistics` text NOT NULL,
  `isstyle` varchar(8) NOT NULL,
  PRIMARY KEY  (`id_siteset`)
) ENGINE=MyISAM  DEFAULT CHARSET=utf8 AUTO_INCREMENT=2 ;

-- 
-- 导出表中的数据 `siteset`
-- 

INSERT INTO `siteset` VALUES (1, 1, '新沙珑国际宾馆', '新沙珑国际宾馆', '新沙珑国际宾馆', '', 0, '', '', '', '', '<iframe width="690" height="350" frameborder="0" scrolling="no" marginheight="0" marginwidth="0" src="http://ditu.google.cn/maps?f=q&source=s_q&hl=zh-CN&geocode=&q=%E4%B8%8A%E6%B5%B7%E5%B8%82%E6%9D%BE%E6%B1%9F%E5%8C%BA%E6%A2%85%E5%AE%B6%E6%B5%9C%E8%B7%AF1501%E5%8F%B7&aq=&sll=31.230393,121.473704&sspn=2.019731,4.22699&brcurrent=3,0x35b2f3134712333b:0xca9d692aa9cc3e4c,0,0x35b27040b1f53c33:0x295129423c364a1%3B5,0,0&ie=UTF8&hq=&hnear=%E4%B8%8A%E6%B5%B7%E5%B8%82%E6%9D%BE%E6%B1%9F%E5%8C%BA%E6%A2%85%E5%AE%B6%E6%B5%9C%E8%B7%AF1501%E5%8F%B7&t=m&ll=31.060434,121.231298&spn=0.025734,0.059223&z=14&iwloc=A&output=embed"></iframe><br />', '', '');

-- --------------------------------------------------------

-- 
-- 表的结构 `title`
-- 

CREATE TABLE `title` (
  `id_title` int(11) NOT NULL auto_increment,
  `title` varchar(25) NOT NULL,
  `lang` int(1) NOT NULL default '1',
  PRIMARY KEY  (`id_title`)
) ENGINE=MyISAM  DEFAULT CHARSET=utf8 AUTO_INCREMENT=16 ;

-- 
-- 导出表中的数据 `title`
-- 

INSERT INTO `title` VALUES (15, 'q', 1);

-- --------------------------------------------------------

-- 
-- 表的结构 `webmenu`
-- 

CREATE TABLE `webmenu` (
  `id_webmenu` int(11) NOT NULL auto_increment,
  `lang` int(1) NOT NULL default '1',
  `name` varchar(25) NOT NULL,
  `url` text NOT NULL,
  `dele` int(1) NOT NULL default '1',
  `fatherid` int(11) NOT NULL,
  `level` int(1) NOT NULL,
  `ordernum` int(11) NOT NULL,
  PRIMARY KEY  (`id_webmenu`)
) ENGINE=MyISAM  DEFAULT CHARSET=utf8 AUTO_INCREMENT=20 ;

-- 
-- 导出表中的数据 `webmenu`
-- 

INSERT INTO `webmenu` VALUES (1, 1, '网站首页----HOME', '/', 1, 0, 1, 8);
INSERT INTO `webmenu` VALUES (2, 1, '关于我们----About us', '/about/aboutus.php', 1, 0, 1, 7);
INSERT INTO `webmenu` VALUES (3, 1, '产品中心----Products', '/product/products.php', 1, 0, 1, 6);
INSERT INTO `webmenu` VALUES (4, 1, '新闻中心----News', '/news/news.php', 1, 0, 1, 5);
INSERT INTO `webmenu` VALUES (5, 1, '联系我们----Contact us', '/contactus/contactus.php', 1, 0, 1, 4);
INSERT INTO `webmenu` VALUES (11, 1, '公司介绍----Introduction', '/about/intro.php', 1, 2, 2, 0);
INSERT INTO `webmenu` VALUES (12, 1, '关于我们----About us', '/about/aboutus.php', 1, 2, 2, 0);
INSERT INTO `webmenu` VALUES (13, 1, '总经理致辞----CEO''s Message', '/about/ceomessage.php', 1, 2, 2, 0);
INSERT INTO `webmenu` VALUES (14, 1, '产品中心----Products', '/product/products.php', 1, 3, 2, 0);
INSERT INTO `webmenu` VALUES (15, 1, '资料下载----PDF download', '/product/productpdf.php', 1, 3, 2, 0);
INSERT INTO `webmenu` VALUES (16, 1, '我们的工厂----Our factory', '/product/ourfactory.php', 1, 3, 2, 0);
INSERT INTO `webmenu` VALUES (17, 1, '公司新闻----Company news', '/news/companynews.php', 1, 4, 2, 0);
INSERT INTO `webmenu` VALUES (18, 1, '产品新闻----Product news', '/news/productnews.php', 1, 4, 2, 0);
INSERT INTO `webmenu` VALUES (19, 1, '加入我们----Join us', '/news/joinus.php', 1, 4, 2, 0);
